7892999150100;LEITE DESNATADO LECO 1L;4,80
7892999001228;LEITE DESNATADO LECO 1L;4,80
7892999150124;LEITE INTEGRAL LECO 1L;4,80
7892999000047;LEITE INTEGRAL LECO 1L;4,80
7895800300145;HALLS CEREJA 34G;2,30
7895800169384;HALLS MENTHOL 34G;2,30
7895800300381;HALLS MENTHOL 34G;2,30
7895800169049;HALLS MENTA 34G;2,30
7895800303320;HALLS MENTA 34G;2,30
7895800420003;HALLS UVA VERDE 34G;2,30
7895800432983;HALLS UVA VERDE 34G;2,30
7622300989545;TRIDENT ICE LIMAO 8G;2,60
7895800201503;TRIDENT MORANGO 8G;2,60
7895800304228;TRIDENT MENTA 8G;2,60
7895800400142;TRIDENT MENTA 8G;2,60
7895800400173;TRIDENT CANELA 8G;2,60
7895800304235;TRIDENT CANELA 8G;2,60
7895800400159;TRIDENT HORTELA 8G;2,60
7895800304211;TRIDENT HORTELA 8G;2,60
7895800400166;TRIDENT TUTTI FRUTTI 8G;2,60
7895800430002;TRIDENT TUTTI FRUTTI 8G;2,60
7895800447543;CLORETS HORTELA 2,8G;0,40
78923584;PARLIAMENT BOX;9,75
78900653;BENSON MENTA;11,25
78900660;BENSON AMARELO;11,25
78920941;LM AZUL MACO;7,50
78900134;MARLBORO LIGHT BOX;8,75
78903418;MARLBORO VERMELHO BOX;8,75
78922594;MARLBORO VERMELHO MACO;8,25
7891042005213;ICE TEA PESSEGO LIPTON 340ML;4,60
7891042102424;ICE TEA PESSEGO LIPTON 340ML;4,60
7891156010011;TAFF MAN EX;4,40
7894321722016;TODDYNHO 200ML;3,10
7894321722092;TODDYNHO 200ML;3,10
78911000;YAKULT;1,80
7894900011517;COCA COLA PET 2L;12,00
7894900061512;SPRITE 2L;11,00
7894900051513;FANTA UVA 2L;11,00
7894900031515;FANTA LARANJA 2L;11,00
7896371000168;AGUA C/GAS CRYSTAL 500ML;3,00
7894900531008;AGUA C/GAS CRYSTAL 500ML;3,00
7891991001359;SODA ANTARTICA 2L;11,00
7891991003162;SODA ANTARTICA 2L;11,00
7891149040308;CERVEJA MALZBIER BRAHMA 355ML;5,70
7892840808440;GATORADE MORAN/MARAC 500ML;7,50
7892840808174;GATORADE MORAN/MARAC 500ML;7,50
7891991005005;SODA ANTARCTICA 350ML;5,20
7891991002202;SODA ANTARCTICA 350ML;5,20
7891991000833;SODA ANTARCTICA 350ML;5,20
7891149010554;CERVEJA BRAHMA LATA 350ML;5,50
7891149010509;CERVEJA BRAHMA LATA 350ML;5,50
7891991002035;TONICA LATA 350ML;5,20
7891991000840;TONICA LATA 350ML;5,20
7891149102112;CERVEJA SKOL LATA 350ML;5,50
7891149200559;CERVEJA SKOL LATA 350ML;5,50
7891149200504;CERVEJA SKOL LATA 350ML;5,50
7891991002509;TONICA ZERO LATA 350ML;5,20
7891991000888;TONICA ZERO LATA 350ML;5,20
7891098000163;CHA CAMOMILA LEAO FUZE 10G;5,50
7891000100103;LEITE COND MOCA TRAD 395G;10,40
7891000009437;NESCAU 400G;10,00
7893000382961;MARGARINA S SAL QUALY 250G;4,80
7891098000156;CHA CAPIM CIDREIRA LEAO 10G RV;5,90
7896035210018;SAL P CHURRASCO CISNE 1KG;3,70
7891079000205;MIOJO CARNE NISSIN LAMEN;2,40
7896032501010;ACUCAR DA BARRA 1KG;5,40
7896102505016;SELETA DE LEGUMES QUERO 200G;3,30
7896102501155;MILHO VERDE QUERO 200G;3,50
7896102501018;ERVILHA QUERO 200G;3,30
7892840253349;DORITOS NACHO 96G;9,60
78929791;HOLLYWOOD PRETO;7,50
78931794;PLAZA CURTO MACO;7,50
78900417;PLAZA CURTO MACO;7,50
78900424;PLAZA LONGO MACO;7,50
78934283;HOLLYWOOD VERMELHO MACO;7,75
78934429;RITZ;7,50
7896262304351;MENTOS STICK FRUTAS;2,20
7898024393191;TIC TAC LARANJA T14;2,50
78600027;TIC TAC LARANJA T14;2,50
78600010;TIC TAC MENTA T14;2,50
7891000003299;CHOC CHOKITO 32G;2,50
7891000462300;CHOC CHOKITO 32G;2,50
7891000460214;CHOC PRESTIGIO 33G;2,50
7891000460207;CHOC PRESTIGIO 33G;2,50
7898955617397;REQ CREM. POCOS DE CALDAS 200G;9,00
7891025501527;REQ CREM. POCOS DE CALDAS 200G;9,00
7896066314495;PAO F LIGHT ESTAR LEVE WICKBOLD 300G;10,40
7896066317595;PAO F TRAD WICKBOLD 500G;7,60
7896066342276;PAO F LINHACA ESTAR LEVE WICKBOLD 370G;10,40
78936881;SHELTON LONGO BOX;7,50
78931428;SHELTON LONGO BOX;7,50
7894900530049;AGUA MINERAL CRYSTAL COPO;2,00
7896371050200;AGUA MINERAL CRYSTAL COPO;2,00
9002490100445;ENERGETICO RED BULL 250ML;12,00
611269991000;ENERGETICO RED BULL 250ML;12,00
7798057482377;VH TTO ALTA VISTA MALBEC 2013;56,00
7891000379103;NESCAU BEBIDA LACTEA 200ML;2,90
7891000107836;CHOC AO LEITE SUFLAIR 50G;4,70
7891000405703;CHOC MOCA NESTLE 38G;3,40
7891000405000;CHOC SENSACAO 38G;3,60
7891000405017;CHOC SENSACAO 38G;3,60
7891000451304;CHOC EM PO SOLUVEL NESTLE 200G;20,30
12546612296;TRIDENT ORIGINAL FLAVOR TWIST;14,00
7891156020218;SUCO MACA SLIM YAKULT 200ML;3,60
7897395020101;CEREVJA ITAIPAVA LATA 350ML;4,80
7891098000170;CHA HORTELA LEAO 10G;5,90
7891098010445;CHA PRETO NAT LEAO FUZE 36G;7,80
78907461;MINI TALENTO AVELA 25G;4,00
78907478;MINI TALENTO CAST DO PARA 25G;4,00
7895144059051;HAPPYDENT WHITE CHERRY 13,5G;4,50
7895144059037;HAPPYDENT WHITE CHERRY 13,5G;4,50
7895144059013;HAPPYDENT WHITE MENTA 13,5G;4,50
7895144059044;HAPPYDENT WHITE MENTA 13,5G;4,50
7896262301022;FRUITTELLA MORANGO 40G;3,00
7895144603049;MENTOS STICK ICE MINT;2,20
7896262304306;MENTOS STICK ICE MINT;2,20
7891331000981;BARRA CEREAIS BANANA C CHOC NUTRY;2,20
7891331001124;BARRA CEREAIS CAST DO PARA NUTRY;2,20
40084107;KINDER OVO T1;8,60
7898024396925;KINDER OVO T1;8,60
78933989;KINDER OVO T1;8,60
78933839;KINDER OVO T1;8,60
78935556;KINDER OVO T1;8,60
78936737;KINDER OVO T1;8,60
78935563;KINDER OVO T1;8,60
78931046;KINDER OVO T1;8,60
78934078;KINDER OVO T1;8,60
78931053;KINDER OVO T1;8,60
78935570;KINDER OVO T1;8,60
80052760;KINDER BUENO T2;7,90
7896423420456;MEMS CHOCOLATE 52,0G;4,70
7896423420654;MEMS CHOCOLATE 52,0G;4,70
7896423421255;MEMS AMENDOIM 49,0G;4,70
7896423421415;MEMS AMENDOIM 49,0G;4,70
7896423424218;CHOC TWIX 45G;3,90
7896423424539;CHOC TWIX 45G;3,90
80052487;RAFFAELLO T3;7,40
7893000514973;MARGARINA LIGHT QUALY 250G;4,30
7893000135529;SALSICHA HOTDOG SADIA 500G;13,50
7898176070513;DOCE DE LEITE AVARE;1,00
7896229800018;LEITE INTEGRAL FAZENDA 1L;4,90
7891138112313;LEITE UHT INTEGRAL LONG 1L;6,30
7896183220006;LEITE UHT INTEGRAL LONG 1L;6,30
7896183220020;LEITE UHT SEMIDESNATADO LONG 1L;6,30
78916081;PACOCA AMOR 28G;1,40
7891118003952;PACOCA AMOR 28G;1,40
7896079534880;LEITE TOP BATAVO 1L;4,80
7891075060210;KIBON PALITO TABLITO 72ML;5,50
7891075081215;MINI ESKIBON KIBON 135ML;8,80
7891075080218;SORVETE ESKIBON BOMBOM CLASSICO 79ML;5,50
7896068912408;REQ CREMOSO LIGHT DANUBIO 250G;16,00
7892999862201;MANTEIGA C/ SAL LECO 200G;14,00
78900158;SAMPOERNA CRAVO;9,75
7896229800056;LEITE SEMIDESNATADO FAZENDA 1L;4,90
78936553;CHANCELLER;10,50
78904439;CHANCELLER;10,50
7891991003148;GUARANA ANTARCTICA 2L;11,00
7891991001342;GUARANA ANTARCTICA 2L;11,00
7891149210367;CARACU LONG NECK;6,20
7891149210305;CARACU LONG NECK;6,20
78904446;LUXOR HARMONY;7,50
78931404;LUXOR HARMONY;7,50
7894900061604;SPRITE 600ML;7,00
7894900061680;SPRITE 600ML;7,00
7896006744115;FEIJAO CARIOCA CAMIL 1KG;12,60
-;Q. GORGONZOLA FRAC TIROLEZ;68,00
7891075131002;KIBON CREME CREMOSISSIMO 2L;27,50
7891075131101;KIBON FLOCOS CREMOSISSIMO 2L;27,50
7891075131019;KIBON NAPOLITANO MOR/CREME/CHOC CREMOSISSIMO 2L;27,50
7894900071511;SPRITE ZERO 2L;11,00
7896045523412;HEINEKEN LATA 350ML;6,30
7893000394117;MARGARINA C/SAL QUALY 250G;5,40
7894904574780;MARGARINA C/SAL QUALY 250G;5,40
78911093;SHELTON CURTO MACO;7,50
7891075302402;CORNETTO CROCANTE CLASSIC KIBON 125ML;7,50
7891000102008;CHOC GALAK 25G;3,30
7891000107607;CHOC GALAK 25G;3,30
78906020;XINGU LONG NECK;6,50
7891991002646;GUARANA ANTARCTICA 600ML;7,00
7891991002967;GUARANA ANTARCTICA 600ML;7,00
7891991002653;SODA 600ML;7,00
7891991003087;SODA 600ML;7,00
7891991002479;GUARANA ANTARCTICA ZERO 2L;11,00
7891991001373;GUARANA ANTARCTICA ZERO 2L;11,00
7891515742034;SALSICHAS HOT DOG PERDIGAO 500G;11,00
7891149106448;BRAHMA LONG NECK 355ML;6,20
7891149010301;BRAHMA LONG NECK 355ML;6,20
7891149010318;BRAHMA LONG NECK 355ML;6,20
7896019622356;SONHO DE VALSA 30G;3,00
7896019632362;SONHO DE VALSA 30G;3,00
7894900323207;SCHWEPPES LIMAO LATA 350ML;5,20
7896019611749;CHOC. LANCY LACTA 30G;3,40
7894900182019;SCHWEPPES GUARANA LATA 350ML;5,20
7894900182002;SCHWEPPES GUARANA LATA 350ML;5,20
7892840254742;RUFFLES CHURRASCO 96G;9,50
7892840204914;RUFFLES CHURRASCO 96G;9,50
7892840253547;RUFFLES ORIGINAL 96G;9,50
7892840204815;RUFFLES ORIGINAL 96G;9,50
7891000464908;CHOC CHARGE 40G;2,50
7894000010014;MAIZENA 200G;7,00
7896331100051;MANTEIGA AVIACAO LATA 200G;14,50
7891095100934;POP CORN MANTEIGA YOKI 100G;4,00
7892999861204;MANTEIGA S/ SAL LECO 200G;14,00
7893000290921;SALSICHA TRAD SADIA 500G;12,70
7891079000212;MIOJO GALINHA NISSIN LAMEN 80G;2,40
7891079000229;MIOJO GALINHA NISSIN LAMEN 80G;2,40
-;MIOJO GALINHA CAIPIRA MAGGI 85G;1,50
78912359;CHOC AO LEITE BATON 16G;1,50
7891008123302;CHOC C AMENDOAS E UVAS PASSA TALENTO 100G;9,00
7891008233001;CHOC C AMENDOAS E UVAS PASSA TALENTO 100G;9,00
7891008232004;CHOC C CASTANHA PARA TALENTO 100G;8,50
7891008123128;CHOC C CASTANHA PARA TALENTO 100G;8,50
7891008231007;CHOC C AVELAS TALENTO 100G;9,00
7891008118926;CHOC C AVELAS TALENTO 100G;9,00
7891008230000;CHOC. BRANCO UVAS PASSA TALENTO 100G;8,60
7891991006088;CERVEJA BOHEMIA LATA 350ML;5,50
7622300807283;BIS LAKA 126G;7,60
7896019613453;BIS LAKA 126G;7,60
7891042005206;ICE TEA LIMAO LIPTON 340ML;4,60
7891098001504;CHA ERVA DOCE LEAO 20G RV;5,90
7891098000187;CHA BOLDO LEAO 10G;4,90
7891098010568;CHA MATE NAT. LEAO 24G;11,40
2800001743115;ARROZ CAMIL 1KG;5,40
7896006711117;ARROZ CAMIL 1KG;5,40
7892840808464;GATORADE FRUTAS CITRICAS 500ML;7,50
7892840808013;GATORADE FRUTAS CITRICAS 500ML;7,50
7891991002684;GUARANA ANTARCTICA ZERO 600ML;7,00
7891991002943;GUARANA ANTARCTICA ZERO 600ML;7,00
7898279790776;FINI MINHOCA BRILHO 100G;6,90
7898279793739;FINI CINEMA MIX 90G;6,90
7898591451034;FINI DIVERTIDAMENTE 90G;6,90
7898279790431;FINI AMORAS 100G;6,90
7898279790417;FINI DENTADURA 100G;6,90
7896885500147;BANANINHA S ACUCAR PARAIBUNA 23G;3,60
7896885500079;BANANINHA S ACUCAR PARAIBUNA 23G;3,60
7891000142202;LEITE EM PO NINHO INST 400G;24,90
7896019607636;CHOC AMANDITA 200G;15,80
7891149101528;BRAHMA MALZIBIER LATA 350ML;5,50
7891000098844;CHOC. CLASSIC DIET NESTLE 25G;6,20
7891000421000;CHOC. CLASSIC DIET NESTLE 25G;6,20
7891000098851;CHOC. CLASSIC DIET NESTLE 25G;6,20
7614500010013;TOBLERONE AO LEITE 100G;15,40
7896066310633;PAO F S/ CASCA ORIGINAL WICKBOLD 350G;11,90
7891000111796;CHOC. ALPINO BARRA 150G;11,00
7896066310282;PAO F PRETO OS CLASSICOS WICKBOLD 500G;11,30
7891331002176;BARRA CEREAL CAST C/ CHOC NUTRY;2,20
7892999150117;LEITE LECO SEMIDESNATADO 1L;4,80
7892999000078;LEITE LECO SEMIDESNATADO 1L;4,80
7891991006095;CERVEJA BOHEMIA LONG NECK 355ML;7,00
78911314;CERVEJA BOHEMIA LONG NECK 355ML;7,00
78907492;MINI TALENTO AMEN PASSAS 25G;4,00
7891008199024;MINI TALENTO BRANCO C/ PASSA 25G;4,00
78907485;MINI TALENTO BRANCO C/ PASSA 25G;4,00
7891331002824;BARRA CEREAL BANANA NUTRY 22G;2,30
7891331001094;BARRA CEREAL BANANA NUTRY 22G;2,30
9002490200398;ENERGETICO RED BULL SUGARFREE 250ML;14,00
611269101713;ENERGETICO RED BULL SUGARFREE 250ML;14,00
9002490225094;ENERGETICO RED BULL SUGARFREE 250ML;14,00
7898210050150;AGUA S/GAS LINDOIA 1,5L;5,00
7898210050518;AGUA S/GAS LINDOIA 510ML;3,00
7894321232423;AGUA DE COCO K. COCO 330ML;6,00
7896828000482;AGUA DE COCO K. COCO 330ML;6,00
7894321822020;ATUM RALADO COQUEIRO 170G;9,20
7894321711263;TODDY ORIGINAL 400G;8,00
7891143012585;POLENGHI CREAM CHEESE TRAD 150G;11,30
7896058506105;BALA DE GOMA DORI GOMETS;2,00
7896058510348;BALA DE GOMA DORI GOMETS;2,00
7891910000197;ACUCAR UNIAO 1KG;6,00
7892840254643;RUFFLES CEBOLA E SALSA 96G;8,90
7892840205010;RUFFLES CEBOLA E SALSA 96G;8,90
7894900370010;SCHWEPPES CITRUS LIGHT LATA 350ML;5,20
7894321711171;TODDY ORIGINAL 200G;6,90
7896110100043;SAL LEBRE;2,50
7896110100814;SAL P/ CHURRASCO LEBRE 1KG;2,80
7897167100048;SAL P/ CHURRASCO LEBRE 1KG;2,80
7896353300033;CATUPIRY BISNAGA 250G;16,20
7892840141714;AMENDOIM OVINHO 100G;7,50
-;BALA BANANA OLIVEIRA;0,30
78911116;MARLBORO SILVER BOX;8,50
7891021005654;CAFE MELITTA TRAD 500G;16,30
78912366;CHOC BRANCO BATON 16G;1,50
7894900300017;SCHWEPPES TONICA LATA 350ML;5,20
7891098000040;CHA MATTE NATURAL LEAO 40G;9,20
7896843200225;AGUA S/GAS BIOLEVE 1,5L;4,00
7891000140307;LEITE EM PO INT. NINHO 400G;28,00
7891143015272;POLENGHI CREAM CHEESE LIGHT 150G;12,40
7891143012592;POLENGHI CREAM CHEESE LIGHT 150G;12,40
7896438510463;CHICLET GLOBY GARRAFINHA 32G;5,30
7896066310572;PAO TRAD GRAO SABOR REDONDO WICKBOLD 500G;13,50
7898146040348;PINGO DE LEITE BALKIS;23,70
7896229800117;LEITE DESNATADO FAZENDA 1L;4,90
7894900150018;FANTA LARANJA ZERO LATA 350ML;5,20
7894900040012;FANTA LARANJA ZERO LATA 350ML;5,20
7891991008587;SODA ZERO 2L;11,00
7891991001380;SODA ZERO 2L;11,00
7893000394209;MARGARINA C SAL QUALY 500G;6,00
7896331100372;DOCE DE LEITE AVIACAO 400G;7,60
7896019352710;BARRA CHOC DIAMANTE NEGRO 150G;10,70
7622300851804;BARRA CHOC DIAMANTE NEGRO 150G;10,70
7891099353640;CONFETI ORIGINAL LACTA 80G;9,50
7894900053630;FANTA UVA 600ML;7,00
7894900033632;FANTA LARANJA 600ML;7,00
7894900031652;FANTA LARANJA 600ML;7,00
789490003363;FANTA LARANJA 600ML;7,00
7622300851767;BARRA CHOC LAKA LACTA 150G;11,20
7896019352024;BARRA CHOC LAKA LACTA 150G;11,20
7891075043251;SORVETE CHICABONZINHO KIBON;2,20
7891000103432;BARRA CHOC CRUNCH 140G;9,00
7891000012390;BARRA CHOC CRUNCH 140G;9,00
7891000111673;BARRA CHOC CRUNCH 140G;9,00
80177609;CHOC KINDER T4;7,50
8000500040706;CHOC KINDER T4;7,50
7896068911173;Q. MINAS TRADICIONAL DANUBIO;15,60
7891167011748;ATUM RALADO GOMES DA COSTA 130G;7,90
7896828000239;AGUA DE COCO K.COCO 1L;13,00
7898409951046;FERMENTO EM PO FLEISCHMANN 100G;3,50
7891149101924;STELLA ARTOIS LONG NECK 275ML;6,60
7891149101900;STELLA ARTOIS LONG NECK 275ML;6,60
7896068913405;REQ. CREMOSO TRADIC. DANUBIO 250G;14,70
7892840808037;GATORADE LIMAO 500ML;7,50
7892840808488;GATORADE LIMAO 500ML;7,50
7892840808501;GATORADE UVA 500ML;7,50
7892840808051;GATORADE UVA 500ML;7,50
7892840808518;GATORADE DE MARACUJA 500ML;7,50
7892840808068;GATORADE DE MARACUJA 500ML;7,50
7892840211240;DORITOS NACHO 110G;8,90
7892840808044;GATORADE DE TANGERINA 500ML;7,50
7892840808495;GATORADE DE TANGERINA 500ML;7,50
7892840808471;GATORADE LARANJA 500ML;7,50
7892840808020;GATORADE LARANJA 500ML;7,50
7896062800176;AGUA S GAS NESTLE 1,5L;5,00
3700123300014;AGUA S GAS NESTLE 1,5L;5,00
7891098000057;CHA TEA LIMAO MATTE LEAO 1,6G;7,50
7622300862329;CHOC SHOT 20G;2,30
7896019355216;CHOC SHOT 20G;2,30
7891075131606;KIBON CARIOCA CREMOSISSIMO 2L;27,50
7898341430838;SUCO UVA DEL VALLE 335ML;5,30
7898341430852;SUCO MARACUJA DEL VALLE 335ML;5,30
7896089011982;CAFE PILAO 250G;10,70
7896423419283;MEM TUBO 30G;4,80
7896423419276;MEM TUBO 30G;4,80
78917125;MINI TALENTO AVELA DIET 25G;5,70
7891000306703;NESCAFE ORIGINAL SACHET 50G;7,20
7891098000781;CHA CARQUEJA LEAO 10G;3,80
7891098010407;CHA BOLDO CHILE LEAO FUZE 15G;7,00
7891098010476;CHA ERVA DOCE LEAO FUZE 30G;9,00
7891098010575;CHA CAMOMILA LEAO FUZE 15G;9,90
7891143002500;POLENGHI CREAM CHEESE TRAD 220G;13,80
7898192031567;CHA VERDE C/LIMAO FEEL GOOD 330ML;5,00
7891042101977;ICE TEA PESS LIGHT LIPTON 340ML;4,60
7891042103292;ICE TEA PESS LIGHT LIPTON 340ML;4,60
7891098010421;CHA CAPIM CIDREIRA LEAO FUZE 15G;8,50
7896331100310;MANT C SAL AVIACAO POTE 200G;12,00
78917408;LA MENTHOL;9,50
7891098000415;CHA PRETO LEAO 16G;5,10
7896423424157;CHOC MINI TWIX 15G;1,00
7896423424140;CHOC MINI TWIX 15G;1,00
7898341430777;SUCO UVA LIGHT DEL VALE 1L;10,60
7892840812423;H2OH LIMAO 500ML;6,00
7892840812447;H2OH LIMAO 500ML;6,00
78908642;CERVEJA PREMIUM BEER SOL 355ML;5,10
78904972;HEINEKEN LONG NECK 355ML;7,60
7895800400210;TRIDENT FRESH HERBAL 8G;2,30
7895800308738;TRIDENT FRESH HERBAL 8G;2,30
7891331008819;BARRA CEREAL BANANA DIET NUTRY;3,50
7894321821108;ATUM SOLIDO COQUEIRO 170G;12,30
7895800308721;HALLS MELANCIA 34G;2,30
7891025501534;REQ. LIGHT POCOS DE CALDAS 200G;9,00
7898955617403;REQ. LIGHT POCOS DE CALDAS 200G;9,00
7898341430845;SUCO UVA LIGHT DEL VALLE 335ML;5,70
7892840812416;H2OH LIMAO 1,5L;11,00
7892840812430;H2OH LIMAO 1,5L;11,00
78602731;KINDER JOY 20G;8,90
7861002900452;KINDER JOY 20G;8,90
7894321824505;ATUM NAT. SOLIDO LIGHT 170GR;12,30
78917439;DJARUM BLACK CRAVO;10,00
7896019602105;BOMBOM OURO BRANCO;1,70
78913769;BOMBOM OURO BRANCO;1,70
7898192031895;CHA VERDE C/LIMAO FEEEL GOOD 1L;9,40
5602012111016;VH TERRAS DE XISTO TN 750ML;47,40
78900592;SAMPOERNA MENTA;9,75
7895144605210;MENTOS BEATS BARRIES SORTIDO;3,00
76145759;CHOC AO LEITE TOBLERONE 35G;6,40
7891008027402;CHOC MEIO AMARGO TALENTO 90G;9,00
7891008097535;CHOC MEIO AMARGO TALENTO 90G;9,00
7896065870497;AGUA C/GAS MINALBA 510ML;3,00
7896062571670;BOMBOM CONHAQUE PAN 50G;6,80
7896062578129;PASSAS COBERTAS PAN 50G;6,80
7894900701562;COCA COLA ZERO 2L;12,00
7894900701517;COCA COLA ZERO 2L;12,00
7898904771606;CERVEJA DEVASSA 350ML;5,50
7898904771019;CERVEJA DEVASSA 350ML;5,50
7891156011018;HILINE YAKULT 100ML;4,40
78917415;DJARUM BLACK MENTHOL;10,00
7895800309780;TRIDENT MELANCIA 8G;2,60
7895800400227;TRIDENT MELANCIA 8G;2,60
7897395010119;CERVEJA ITAIPAVA PREMIUM LONG NECK 355ML;6,20
7896066314303;PAO F AVEIA ESTAR LEVE WICKBOLD 400G;10,40
78917392;LA RED;8,00
78922310;PURE FRESH WINTERGREEN GARRAFA;13,00
7896066310343;PAO F INT OS CLASSICOS WICKBOLD 450G;11,30
7897395010126;ITAIPAVA PILSEN LONG NECK;6,20
-;PAO SIRIO PITTA TRADICIONAL 640G;14,70
7895144603087;MENTOS STICK MORANGO E IOGURTE;2,20
5601108211999;VH ROSE CANTIL CALAMARES 750ML;38,30
7896336002749;PACOCA DIET STA HELENA 22G;1,50
7896336002725;PACOCA DIET STA HELENA 22G;1,50
7896336002732;PACOCA DIET STA HELENA 22G;1,50
7898424967275;MASKAPUXA 58G;13,00
7898341432603;SUCO LARANJA CASEIRA DEL VALE 1L;10,90
7891331010065;BARRA CEREAL CHOC CTRUFA NUTRY 20G;2,30
7891098000194;CHA MACA LEAO 20G;7,20
7891000812105;MIOJO GALINHA MAGGI;1,30
7894900701609;COCA COLA ZERO 600ML;7,00
7896089012019;CAFE PILAO 500G;17,00
7898192032519;CHA VERDE LAR GENG FEEL GOOD 330ML;5,00
7898192032564;CHA VERDE LAR GENG FEEL GOOD 1L;9,40
7892840253448;DORITOS NACHO 167G;15,30
7892840221843;DORITOS NACHO 167G;15,30
7898341430111;SUCO LARANJA DEL VALLE 1L;10,70
7898341430012;SUCO MANGA DEL VALLE 1L;10,70
7898341430036;SUCO PESSEGO DEL VALLE 1L;10,70
7898341430074;SUCO MARACUJA DEL VALLE 1L;10,70
7898341430050;SUCO GOIABA DEL VALLE 1L;10,70
7898341430081;SUCO CAJU DEL VALLE 1L;10,70
7893333325109;PHILADELFIA LIGHT 150G;11,60
7792629002826;CHICLE BUBBLE GLOBY 60G;11,00
7895144605333;MENTOS SLIM BOX ICE GRAPE;2,80
7895144605326;MENTOS SLIM BOX ICE APPLE;2,80
7898192032625;CHA BRANCO FEEL GOOD 330ML;5,00
2200015933;BALA ALTOIDS PEPPERMINT 50G;23,00
22000159335;BALA ALTOIDS PEPPERMINT 50G;23,00
22000159359;BALA ALTOIDS CINNAMON 50G;19,00
7898164662669;SUCO ABACAXI DEL VALLE 1L;10,70
7895144605364;MENTOS SLIM BOX MOR E YOG;2,80
7891000053508;NESCAU EM PO 2.0 400G;12,70
7896336000028;PACOQUITA ROLHA SANTA HELENA 350G;16,30
7896068593003;Q. MINAS FRESCAL TRAD DANUBIO 500G;30,00
7891000063064;CHOC SUFLAIR TABLETE 30G;2,50
2800040655905;AGUA BONAFONT 500ML;4,00
7891025102113;AGUA BONAFONT 500ML;4,00
7891025102120;AGUA BONAFONT 1,5L;5,20
7896066313092;PAO F QUADRADINHO GRAO SABOR WICKBOLD 500G;11,80
7898341432627;SUCO LARANJA CASEIRA DEL VALE 250ML;4,20
7898192033332;CHA BRANCO C/LICHIA FEEL GOOD 330ML;5,00
7898341432610;SUCO LARANJA CASEIRA LIGHT 1L;10,80
7891098037503;CHA BRANCO FUZE LEAO 24G;15,20
7896229800087;CREME LEITE FAZENDA 500G;24,00
7891075131118;KIBON POTE MORANGO 2L;21,90
78923560;MARLBORO FILTER PLUS BOX;8,50
78920545;VOGUE MENTA;11,25
7622300119621;FERMENTO EM PO ROYAL POTE 100G;4,90
7896066332635;PAO F S/ CASCA ESTAR LEVE WICKBOLD 300G;11,90
7891143017887;POLENGHINHO TRAD 17G;1,50
7891143090019;POLENGHINHO TRAD 17G;1,50
7891095101719;POP CORN MANTEIGA SUAVE YOKI 100G;4,00
7891118006922;CHICLE HUEVITOS;2,50
7891118009329;CHICLE HUEVITOS;2,50
7891118013517;CHICLE HUEVITOS;2,50
7891098037640;CHA MATE LIMAO LATA 335ML;4,60
7891000300503;NESCAFE ORIGINAL 100G;14,90
7898341430043;SUCO PESSEGO LIGHT DEL VALLE 1L;10,70
7892840221744;DORITOS PIMENTA;4,20
7898341432634;SUCO LARANJA CASEIRA LIGHT 250ML;3,40
7891098010438;CHA DE CARQUEJA MATTE LEAO 15G;7,00
7622300328863;CHOC LAKA LACTA 70G;7,30
7622300328870;CHOC LAKA LACTA 70G;7,30
2800003215351;NUTELLA 350G;29,60
7898024394181;NUTELLA 350G;29,60
7891079001011;MIOJO GALINHA TURMA DA MONICA 80G;3,00
7891075081093;MINI CHICABON KIBON;8,80
7891150023093;PICOLE MAGNUM WHITE KIBON 100ML;9,40
7891150000452;PICOLE MAGNUM WHITE KIBON 100ML;9,40
7891075030091;PICOLE CHICABON KIBON 60ML;4,40
7891075020023;FRUTTARE PALITO COCO KIBON 60ML;3,90
7891075010239;FRUTTARE PALITO ABACAXI KIBON 60ML;3,30
7891999144485;REQ. CREMOSO VIGOR 200G;10,00
7898341430272;SUCO GOIABA DEL VALLE 335ML;5,30
7891149100057;CERVEJA ESCURA CARACU 350ML;5,50
7891149210503;CERVEJA ESCURA CARACU 350ML;5,50
78923546;SHELTON MENTA MACO;7,50
7622300862367;CHOC AO LEITE LACTA 20G;2,50
7891098001511;CHA MORANGO FUZE LEAO 20G;6,40
78934443;HILTON CURTO BOX;7,50
78934436;HILTON LONGO BOX;7,50
7896045501120;CERVEJA XINGU PRETA LATA 350ML;6,00
7891149200306;SKOL LONG NECK 355ML;6,20
7891149200337;SKOL LONG NECK 355ML;6,20
7891149200375;SKOL LONG NECK 355ML;6,20
7891098038722;CHA MATE C LIMAO LEAO 24G;5,63
7891000107638;CHOC ALPINO 25G;3,30
7892999245509;LEITE LECO PASTEURIZADO B INTEGRAL;5,10
7898210050525;AGUA C/GAS LINDOIA 510ML;3,00
78934726;LM VIBE LONGO;7,50
78900066;MARLBORO BLUE ICE BOX;8,50
78934337;DERBY PRATA;7,25
78934368;DERBY PRATA;7,25
78934320;DERBY AZUL;7,50
78934351;DERBY AZUL;7,50
78927612;LUCKY STRIKE AZUL E PRETO;7,50
78934566;FREE CINZA ONE BOX;8,25
7891150003958;FRUTTARE DE MORANGO CASEIRO KIBON 80ML;5,50
7891150007680;FRUTILLY MORANGO KIBON;3,30
7891075403192;KIBON PALITO BRIGADEIRO 77ML;5,50
7895800412787;TRINDENT FRESH INTENSE 8G;2,30
7895800911150;TRINDENT FRESH INTENSE 8G;2,30
78922334;PURE FRESH WHITE GARRAFA;13,00
7895144603216;MENTOS STICK DUO BLACK ICE;2,20
78928282;TIC TAC REFIL CEREJA MARACUJA;2,50
5283003710632;CHICLETE CHEQUE MINTY FLAVOR;4,00
7894900401103;ENERGETICO BURN 260ML;10,70
7896843200157;AGUA S/GAS BIOLEVE 510ML;3,00
7896843200720;AGUA S/GAS BIOLEVE 510ML;3,00
7891000067048;ALPINO GARRAFA 280ML;6,20
7891000067055;ALPINO GARRAFA 280ML;6,20
7891097013003;CHOCO MILK BATAVO 200ML;3,90
7896207640056;FRESCATINO LIGHT POLENGHI 250G;21,70
8801105909562;SUCO DE UVA VERDE HAITAI 235ML;7,00
8801887709091;SUCO CHIN CHIN LICHIA C/COCO 315ML;9,00
701243056129;SUCO CHIN CHIN LICHIA C/COCO 315ML;9,00
7898146040836;COTTAGE STIMULA BALKIS 220G;18,00
7898341430142;SUCO PESSEGO DEL VALLE 200ML;4,70
7898341430180;SUCO MARACUJA DEL VALLE 200ML;4,70
7898341430203;SUCO UVA DEL VALLE 200ML;4,70
7894900011609;COCA COLA 600ML;7,20
7894900030228;FANTA LARANJA LATA 350ML;5,20
7894900030013;FANTA LARANJA LATA 350ML;5,20
7894900060010;SPRITE LATA 350ML;5,20
7894900010015;COCA COLA LATA 350ML;5,20
7894900050011;FANTA UVA LATA 350ML;5,20
7894900050226;FANTA UVA LATA 350ML;5,20
7894900303209;SCHWEPPS CITRUS LATA 350ML;5,20
7894900320015;SCHWEPPS CITRUS LATA 350ML;5,20
7891991000826;GUARANA ANTARTICA LATA 350ML;5,20
7891991002189;GUARANA ANTARTICA LATA 350ML;5,20
7891991000727;GUARANA ANTARCTICA ZERO LATA 350ML;5,20
7891991002288;GUARANA ANTARCTICA ZERO LATA 350ML;5,20
7891991004756;GUARANA ANTARCTICA ZERO LATA 350ML;5,20
7894900070019;SPRITE ZERO LATA 350ML;5,20
7891991002301;SODA ZERO LATA 350ML;5,20
7891991000819;SODA ZERO LATA 350ML;5,20
7894900700015;COCA COLA ZERO LATA 350ML;5,20
7896331100389;MANT S SAL AVIACAO POTE 200G;12,00
7891000066577;LEITE UHT INTEGRAL NINHO 1L;10,80
7891000066560;LEITE UHT INTEGRAL NINHO 1L;10,80
7898192033578;CHA VERMELHO C/ AMORA FEEL GOOD 1L;9,40
7896110100029;SAL REFINADO 1 KG;5,70
7896035210001;SAL REFINADO 1 KG;5,70
7891737434984;SAL REFINADO 1 KG;5,70
78934450;HILTON LONGO MACO;7,50
7898192032618;CHA BRANCO FEEL GOOD 1L;9,40
7898292885244;BARRA CHOC MEIO AMAR HERSHEYS 130G;7,00
7622300347635;BIS LIMAO 126G;7,30
7891331010485;BARRA CEREAL CHOC C AVELA NUTRY;2,20
7896062525048;BALA DE GOMA MORANGO PAN 200G;5,40
7896062513632;CHOCOLAPIS PAN;3,70
7896062513618;CHOCOLAPIS PAN;3,70
7896062513519;MOEDAS DE CHOC PAN 40G;1,00
7896062513502;MOEDAS DE CHOC PAN 40G;1,00
7891099353657;CONFETI LACTA LAKA;9,00
7891000027967;BIG CHAMYTO TRAD 120G;2,60
5602154102484;VH TTO CONVENTO DA VILA 750ML;51,80
80052463;KINDER DELICE CACAO 42G;7,50
7891331010522;BARRA CEREAL MORANGO C CHOC NUTRY 22G;2,30
5602012601111;VH TTO REDONDO DOC 750ML;61,00
7804340808011;VH COSECHA TARAPACA CABERNET SAUV. 750ML;40,20
7804340808028;VH BRC COSECHA TARAPACA SAUV BLANC 750ML;36,00
5602886000058;VH CONDE DE BARCELOS BR 750ML;41,00
7804340902917;VH LEON TARAPACA C SAUVIGNON 187ML;16,40
7804340100184;VH COSECHA TARAPACA CARMENERE 750ML;40,20
7804340909558;VH TTO GRAN TARAPACA MERLOT 750ML;71,60
4002103248699;CERVEJA ERDINGER WEISSBIER DUNKEL 500ML;17,60
4002103248675;CERVEJA ERDINGER WEIBBIER TRAD 500ML;27,40
7896066310114;PAO CENTEIO OS CLASSICOS WICKBOLD 500G;11,30
7896066336466;PAO MULT GRAO SABOR REDONDO WICKBOLD 450G;11,80
7896066302003;BISNAGUINHA SCOOBYDOO WICKBOLD 300G;7,00
7896066332710;PAO F INT S/ CASCA ESTAR LEVE WICKBOLD 350G;11,90
7896066313177;PAO S/ CASCA TORTA FRIA WICKBOLD 350G;11,70
38000849763;PRINGLES ORIG GRANDE LATA;18,60
37000211655;PRINGLES ORIG GRANDE LATA;18,60
38000849763;PRINGLES ORIG GRANDE LATA;18,60
38000850998;PRINGLES ORIG GRANDE LATA;18,60
7891053710113;BATATA PALHA TRAD VISCONTI 140G;9,30
7891098037572;CHA BRANCO MATTE LEAO 16G;6,60
7891098000149;CHA VERDE MATTE LEAO 16G;5,20
7898341430128;SUCO MANGA DEL VALLE 200ML;4,70
7891042101960;ICE TEA LIMAO ZERO LIPTON LATA;4,60
7891042103247;ICE TEA LIMAO ZERO LIPTON LATA;4,60
7622300132576;MINI BIS AO LEITE 150G;14,00
7622300861155;SUCO ABACAXI TANG 25G;1,80
7622300861148;SUCO ABACAXI TANG 25G;1,80
7622300390907;SUCO ABACAXI TANG 25G;1,80
7622300861308;SUCO MORANGO TANG 25G;1,80
7622300391768;SUCO MORANGO TANG 25G;1,80
7622300861315;SUCO MORANGO TANG 25G;1,80
7622300391942;SUCO UVA TANG 25G;1,80
7622300869809;SUCO UVA TANG 25G;1,80
7622300861223;SUCO UVA TANG 25G;1,80
7622300861193;SUCO LARANJA TANG 25G;1,80
7622300861186;SUCO LARANJA TANG 25G;1,80
7622300875183;SUCO LARANJA TANG 25G;1,80
7622300391461;SUCO LARANJA TANG 25G;1,80
7622300391645;SUCO MANGA TANG 30G;1,60
7891000014608;NESTON MACA E BANANA 900G;20,60
7891331010508;BARRA CEREAL BANANA AVEIA MEL NUTRY;2,30
7891331010348;BARRA CEREAL LARANJA E CHOC NUTRY;2,00
7898192033585;CHA VERM. C/AMORA FEEL GOOD 330ML;5,00
7891000010860;NESCAFE TRADICAO SACHET 50G;7,20
78934481;DUNHILL BRANCO BOX;8,75
78927773;DUNHILL BRANCO BOX;8,75
78935761;DUNHILL BRANCO BOX;8,75
78927780;DUNHILL AZUL BOX;8,50
7896545500029;FERMENTO FRESCO TABLETES;4,70
7896062579126;PAST CHOC C/ DRAGES PETIT PAN;6,80
7892840223243;DE MONTAO 75G;6,50
7892840235611;BATATA PALHA ELMA CHIPS 140G;9,60
7896207640032;FRESCATINO 0% GORD POLENGHI 250G;21,70
7891143015425;Q. MINAS FRESCAL LIGHT POLENGHI 400G;23,60
7896066336381;PAO F GIRASSOL CAST GRAO SABOR WICKBOLD 400G;11,80
7896066310701;PAO F INT ESTAR LEVE WICKBOLD 430G;10,40
7896066336701;PAO GRAO SABOR AMARANTO E LINHACA;7,80
38000849961;BATATA PRINGLES ORIG PEQUENA;8,00
38000849961;BATATA PRINGLES ORIG PEQUENA;8,00
3800849961;BATATA PRINGLES ORIG PEQUENA;8,00
38000846113;BATATA PRINGLES ORIG PEQUENA;8,00
38000846014;PRINGLES CREME E CEBOLA GRANDE;18,60
38000849787;PRINGLES CREME E CEBOLA GRANDE;18,60
38000847455;PRINGLES CREME E CEBOLA GRANDE;18,60
38000849787;PRINGLES CREME E CEBOLA GRANDE;18,60
38000850974;PRINGLES CREME E CEBOLA GRANDE;18,60
38000849824;PRINGLES MOLHO BARBECUE GRANDE LATA;21,60
38000846038;PRINGLES MOLHO BARBECUE GRANDE LATA;21,60
7898908061017;GOIABADA CASCAO CREM CATANDUVA 500G;28,00
7898922328011;SONHO DOCE;3,60
7898924986011;SONHO DOCE;3,60
7894900321753;SCHWEPPES CITRUS 1,5L;11,00
7804340100054;VH COSECHA TARAPACA CHARDONNAY 750ML;40,20
7898192033325;CHA BRANCO C/ LICHIA FEEL GOOD 1L;9,40
7896066336626;PAO F IOGUR CENOURA ESTAR LEVE WICKBOLD 370G;10,40
7896073901015;PAO SIRIO BREAD WICKBOLD 320G;10,60
7896066342191;PAO F 10 GRAOS ESTAR LEVE WICKBOLD 370G;11,70
7896066343242;PAO CAST E QUINOA GRAO SABOR WICKBOLD 500G;13,40
5604098011006;VH TTO TAPADA DO FIDALGO 750ML;70,80
12546672511;TRIDENT MINTY SWEET TWIST;14,00
12546673099;TRIDENT TWIST PASSIONBERRY;14,00
12546615563;TRIDENT TWIST BUBBLEGUM;14,00
12546675215;TRIDENT STRAWBERRY TWIST;14,00
12546672535;TRIDENT WILD BLUEBERRY TWIST;14,00
7622300284107;CHOC AMENDOIM SHOT LACTA 70G;7,40
7622300284114;CHOC AMENDOIM SHOT LACTA 70G;7,40
7895800303313;HALLS EXTRA FORTE 34G;2,30
7895800169193;HALLS EXTRA FORTE 34G;2,30
7895800304679;HALLS MORANGO 34G;2,30
7895800432020;HALLS MORANGO 34G;2,30
7893000696129;BLANQUET DE PERU LIGHT SADIA;55,00
7893000556706;COPA SADIA;128,00
7896599400450;LOMBO CANADENSE HANS;68,00
7896599400467;LOMBO CONDIMENTADO HANS;69,00
-;MORTADELA LIGHT CERATTI;50,00
-;MORTADELA CERATTI;47,00
7893000004832;MORTADELA SADIA;30,00
7891515356736;MORTADELA OURO PERDIGAO;27,00
-;MORTADELA ITALIANA NEGRONI;96,00
-;PASTRAMI HANS;82,00
7893000696204;PEITO DE PERU LIGHT SADIA;78,00
7893000438859;PEITO DE PERU LIGHT SADIA;78,00
7893000973305;PEITO PERU BOLINHA SADIA;75,00
-;PICANHA DEFUMADA HANS;113,00
7893000094741;PRESUNTO PARMA SADIA;168,00
7891515437268;PRESUNTO PARMA SADIA;168,00
7893000094826;PRESUNTO PARMA SADIA;168,00
7898902560028;PRESUNTO SAN DANIELE NEGRONI;199,00
7622300284121;CHOC DIAMANTE NEGRO 70G;7,40
7622300284138;CHOC DIAMANTE NEGRO 70G;7,40
7891000107713;CHOC CRUNCH 22,5G;3,30
78900073;MARLBORO LIGHT MACO;8,25
7896599400566;PRESUNTO ALEMAO HANS;152,00
7893000446366;PRESUNTO SADIA;41,00
7891515437435;PRESUNTO ROYALE SADIA;67,00
7893000422186;PRESUNTO ROYALE SADIA;67,00
-;ROSBIFE CASEIRO;50,00
-;ROSBIFE INDUSTRIAL HANS;47,00
-;ROSBIFE INDUSTRIAL CERATTI;44,00
-;SALAME HAMBURGUES HANS;75,00
7893000123861;SALAME HAMBURGUES SADIA;97,00
7893000124912;SALAME ITALIANO SADIA;86,00
7896599400870;SALAME PEPPERONI HANS;71,00
7896599400207;SALSICHAO C PICLES HANS;47,00
7896599400191;SALSICHAO LIONES HANS;47,00
-;Q. ESFERICO TIROLEZ;70,00
-;Q. ESTEPE TIROLEZ;69,00
7891075010130;FRUTTARE UVA KIBON 60ML;3,30
7891075010161;FRUTTARE LIMAO KIBON 60ML;3,30
7891075403215;PICOLE MAGNUM CLASSICO KIBON 100ML;9,40
78926301;DJARUM BLACK CANELA;8,90
-;Q. GOUDA TIROLEZ;71,00
7898905835031;Q. MUSSARELA BUFALA LEVITARE;71,00
-;Q. MUSSARELA LIGHT TIROLEZ;59,00
-;Q. PRATO PJ;58,00
-;Q. PRATO TIROLEZ;51,00
-;Q. PRATO LIGHT TIROLEZ;59,00
-;Q. HOLANDEZ PRIMADONA AZUL;196,00
-;Q. PROVOLONE TIROLEZ;68,00
-;Q. MINAS BRINCO DE OURO;60,00
7891095006984;MILHO DE PIPOCA YOK 500G;8,50
7892840812775;H2OH LARANJA 500ML;6,00
7892840812782;H2OH LARANJA 500ML;6,00
7892840812591;H2OH LIMAO E MACA 500ML;6,00
7892840812607;H2OH LIMAO E MACA 500ML;6,00
7892840812744;H2OH CITRUS 500ML;6,00
7892840812737;H2OH CITRUS 500ML;6,00
7898024390121;FERRERO ROCHER T3;7,80
78909434;FERRERO ROCHER T3;7,80
7895800448113;TRIDENT SENSATIONS MORANGO CITRUS 16,8G;4,50
78930377;TRIDENT SENSATIONS MORANGO CITRUS 16,8G;4,50
7895800448328;TRIDENT SENSATIONS MACA VERDE E ABACAXI 16,8G;4,50
78930384;TRIDENT SENSATIONS MACA VERDE E ABACAXI 16,8G;4,50
8000500126288;KINDER BUENO WHITE T2;7,30
80761761;KINDER BUENO WHITE T2;7,30
7896885500109;BANANINHA PARAIBUNA 36G;3,00
7804340909039;VH GRAN TARAPACA CABERNET SAUV 750ML;71,60
7804340822178;VH COSECHA TARAPACA MERLOT 750ML;40,20
5600260461037;VH RAPARIGA DA QUINTA 750ML ALENTEJANO;66,50
7894900530032;AGUA S GAS CRYSTAL 1,5L;4,40
7898409951886;OVOMALTINE 180ML;3,80
7894900531015;AGUA C GAS CRYSTAL 1,5L;4,40
7894900530001;AGUA S/GAS CRYSTAL 500ML;3,00
7896062525024;BALA DE GOMA SORTIDA PAN 200G;5,40
78920521;VOGUE AZUL;11,25
7896019602006;BOMBOM SONHO DE VALSA;1,70
78913547;BOMBOM SONHO DE VALSA;1,70
7895144605203;MENTOS BEATS FRUTAS SORTIDAS;3,00
78920538;VOGUE LILAS;11,25
3800020423462;CHOC KIT KAT WHITE 45G;8,00
40057750;CHOC KIT KAT WHITE 45G;8,00
7891000083314;CHOC SUFLAIR DUO 30G;2,50
78922259;PURE FRESH WINTERGREEN FLIP TOP;2,50
78922266;PURE FRESH FLIP TOP MINT;2,50
7622300990220;PHILADELPHIA ORIGINAL 150G;11,60
7893333325000;PHILADELPHIA ORIGINAL 150G;11,60
78934276;LUCKY STRIKE VERMELHO S TABACO;7,75
-;PIRULITO POP MANIA;0,70
7895800164648;CHICLETS ROSA;0,40
78932616;CHICLETS ROSA;0,40
7891000468012;BOMBOM ALPINO 13G;2,70
78922327;PURE FRESH MINT GARRAFA;13,00
7891008200423;PASTILHA HORTELA GAROTO 17G;1,00
78910041;PASTILHA HORTELA GAROTO 17G;1,00
7895800151389;BUBBALOO TUTTI FRUTI;0,40
7891331008178;BARRA CEREAL BOLO DE CHOC LIGHT NUTRY;2,00
7895144603117;MENTOS STICK MELANCIA;2,20
7895144603063;MENTOS STICK FRUTAS VERMELHAS;2,20
7895144603148;MENTOS STICK RAINBOW SORTIDO;2,20
78929340;STIKADINHO MORANGO 12,3G;1,00
7891075302051;CORNETTO CHOCOMIX KIBON 130ML;7,50
-;Q. MINAS PADRAO TRAD CRIOULO;66,00
7896207613241;Q. MINAS FRESCAL POLENGHI 400G;22,30
7891962019529;BATATA PALHA TEMPERADA VISCONTI;5,80
7896207640049;FRESCATINO TRAD. POLENGHI 250G;20,70
-;DUZIA DE OVOS;7,70
7896062562074;BOMBOM CEREJA PAN;2,30
-;GELO PACOTE CUBO 5KG;10,00
7896843200652;AGUA S/GAS BIOLEVE KIDS 250ML;4,50
7896843200904;AGUA S/ GAS BIOLEVE ROSA 510ML;3,00
7895144603223;MENTOS STICK TUTTI-FRUITT;2,20
7898292883738;BARRA CHOC.COOKIES N CREME 130G;7,20
7898292885206;BARRA CHOC AO LEITE HERSHEYS 115G;7,20
7898292887651;BARRA CHOC AO LEITE HERSHEYS 115G;7,20
7804340902931;KIT LEON DE TARAPACA CABERNET SAUV;65,40
7891075130043;SORVETE PASSAS AO RUM KIBON 2L;21,90
7898341431279;SUCO CAJU LIGHT DEL VALLE 1L;10,60
7898341430098;SUCO UVA DEL VALLE 1L;10,70
12546670036;TRIDENT WINTERGREEN TWIST;14,00
7898210050068;AGUA S/GAS LINDOIA 6L;16,00
78924291;MENTOS SLIM BOX FRUTAS;2,80
38000846106;PRINGLES CREME E CEBOLA PEQUENA;8,00
38000846106;PRINGLES CREME E CEBOLA PEQUENA;8,00
7898341430265;SUCO PESSEGO LIGHT DEL VALLE 335ML;5,70
7898341430258;SUCO PESSEGO DEL VALLE 335ML;5,30
7898341430234;SUCO MANGA DEL VALLE 335ML;5,30
7891095100125;POP CORN NAT YOKI 100G;4,10
7891095002207;POP CORN NAT YOKI 100G;4,10
7898530840011;BALA DADINHO;0,30
5000159376655;DISPLAY SKITTLES FRUITS 38,0G;8,00
7898409951404;OVOMALTINE CHOC. FLOCOS 300G;15,30
7895144605494;MENTOS SLIM BOX CRAZY MINT;2,80
7891991010849;BUDWEISER LONG NECK 343ML;6,40
7891991010832;BUDWEISER LONG NECK 343ML;6,40
7898146040126;RICOTA CREMOSA LIGHT BALKIS 220G;12,30
7898146040829;CREME DE RICOTA TRAD BALKIS 220G;12,50
7622300861261;SUCO MARACUJA TANG 30G;1,80
7622300391713;SUCO MARACUJA TANG 30G;1,80
7622300861278;SUCO MARACUJA TANG 30G;1,80
7622300730680;SUCO LIMAO TANG 30G;1,70
7622300861926;SUCO LIMAO TANG 30G;1,70
7622300391553;SUCO LIMAO TANG 30G;1,70
7622300861919;SUCO LIMAO TANG 30G;1,70
5601110002110;VH TTO CALAMARES 750ML;35,60
5601110001908;VH BRANCO CALAMARES 750ML;37,80
7891000812006;MIOJO CARNE MAGGI 85G;1,50
78933125;LUCKY STRIKE AZUL S TABACO;7,75
78935747;FREE MENTA BOX;8,25
40057767;CHOC KIT KAT DARK 45G;8,00
7804340902573;VH LEON TARAPACA CABERNET SAUV. 750ML;54,60
7804340901316;VH TARAPACA GRAN RESERVA SYRAH 750ML;104,70
7804340902184;VH TTO GRAN TARAPACA CARMENERE 750ML;71,60
7804340902641;VH LEON TARAPACA CARMENERE 750ML;54,60
7891000081501;NESCAU ACTIGEN-E 1L;14,60
7891000379707;NESCAU ACTIGEN-E 1L;14,60
-;Q. GORGONZOLA TIROLEZ;52,00
7896030518782;RICOTA CREMOSA TRAD TIROLEZ 250G;11,60
7891962036212;BATATA PALHA FINA VISCONTII 120G;7,00
5600312190878;VH TTO BIGODE LISBOA 750ML;43,00
12546615952;TRIDENT WATERMELON TWIST;14,00
78929876;DUNHILL PRETO NANOCUT;8,50
4710487052619;BEB CHIN CHIN LICHIA 340ML;9,00
78929845;DUNHILL MENTHOL BOX;8,50
78929869;DUNHILL VERMELHO NANOCUT;8,50
7892840255442;BACONZITOS 103G;8,90
7892840000004;BACONZITOS 103G;8,90
7892840228644;RUFFLES CEBOLA E SALSA 167G;15,00
7892840254841;RUFFLES CEBOLA E SALSA 167G;15,00
7892840232641;RUFFLES CEBOLA E SALSA 167G;15,00
12546615310;TRIDENT TWIST SPEARMINT;14,00
7891991010481;BUDWEISER LATA 350ML;6,00
7891991010825;BUDWEISER LATA 350ML;6,00
7891991010863;BUDWEISER LATA 350ML;6,00
7891149103065;CERVEJA STELLA ARTOIS 269ML;4,00
38000844980;BATATA PRINGLES QUEIJO GRANDE;18,60
3800085095;BATATA PRINGLES QUEIJO GRANDE;18,60
38000849800;BATATA PRINGLES QUEIJO GRANDE;18,60
37000230052;BATATA PRINGLES QUEIJO GRANDE;18,60
38000849800;BATATA PRINGLES QUEIJO GRANDE;18,60
38000850950;BATATA PRINGLES QUEIJO GRANDE;18,60
7891097018251;LEITE UHT INTEGRAL BATAVO 1L;4,60
78929944;LUCKY STRIKE VERDE E PRETO;7,50
5601110002127;VH ROSE BORDALESIA CALAMARES 750ML;33,00
7506174500207;CHOC SNICKERS ALMOND BAR 49G;4,80
7896423497915;CHOC SNICKERS ALMOND BAR 49G;4,80
7896423401325;CHOC SNICKERS ALMOND BAR 49G;4,80
7896423444414;CHOC SNICKERS ALMOND BAR 49G;4,80
12546612678;TRIDENT CINNAMON CANELA TWIST;14,70
7896423420791;MEM CHOCOLATE AO LEITE 200G;14,70
7896423421521;MEM AMENDOIM 200G;12,70
49437300;CHICLETE MARUKAWA LARANJA;2,00
3800020436592;KIT KAT CRUNKY HAZELNUT 42G;5,80
3800020439418;KIT KAT CRUNKY HAZELNUT 42G;5,80
3800020424223;KIT KAT CRUNKY HAZELNUT 42G;5,80
7896030519437;Q. MINAS FRESCAL CREMOSO TIROLEZ 220G;11,90
7893000696631;SALSICHA DE PERU SADIA 500G;14,30
7891000076248;LEITE UHT INT ZERO LACTOSE NINHO 1L;11,00
7891000076231;LEITE UHT INT ZERO LACTOSE NINHO 1L;11,00
7891000119839;LEITE UHT INT ZERO LACTOSE NINHO 1L;11,00
-;BALA POCKET TORTA DE LIMAO;0,10
-;BALA HORTELA;0,20
-;CHICLE BIG BIG TF;0,20
-;BALA CHICLE POOSH TUTTI FRUTI;0,20
7898024395232;NUTELLA C/AVELA 140G;12,60
78927803;DUNHILL VERMELHO BOX;8,50
7894900530056;AGUA S/GAS CRYSTAL 5L;10,40
7898905835116;Q. BUFALA FRESCAL ZERO LACTOSE LEVITARE 330G;22,60
7896665280894;BALA CANELA;0,20
7891118007295;BALA 7 BELO FRAMBOESA;0,10
8801887708698;SUCO UVA BOMBOM 238ML;7,60
5602720041483;VH TTO CARTUXA EVORA 750ML;230,00
5602720044026;VH TTO CARTUXA EVORA 750ML;230,00
12546670302;TRIDENT SPLASHING FRUIT;13,00
12546670258;TRIDENT TWIST SPLASHING MINT;14,70
78605831;TIC TAC REFIL MORANGO T14;2,50
7895144603261;MENTOS UP 2U TUTTI/MINT;2,50
7896065880069;AGUA S/GAS MINALBA 510ML;3,00
7894900371758;SCHWEPPES CITRUS LIGHT 1,5L;11,00
4025700001030;CHOC. NOISETTE MILKA 100G;11,20
8000500125045;CHOC KINDER T1;2,50
80050315;CHOC KINDER T1;2,50
7898902550081;Q. GRANA PADANO ITALIANO;184,00
7898902564026;Q. GRANA PADANO ITALIANO;184,00
9002490209346;ENERGETICO RED BULL 355ML;17,00
7892840253646;RUFFLES ORIGINAL 167G;15,00
7892840232542;RUFFLES ORIGINAL 167G;15,00
-;PEITO DE FRANGO DEFUMADO LIGHT;40,00
78934580;FREE AZUL MACO;8,00
2297202;BALA ALTOIDS CINNAMON 10,5G;20,00
78934573;FREE VERMELHO MACO;8,00
78934559;FREE AZUL BOX;8,25
78934542;FREE VERMELHO BOX;8,25
7622300851941;BARRA CHOC.SHOT AMEND.155G;11,20
7896019353755;BARRA CHOC.SHOT AMEND.155G;11,20
7892840812768;H2OH CITRUS 1,5L;11,00
7892840812751;H2OH CITRUS 1,5L;11,00
7804340909053;VH TARAPACA GRAN RESERVA CABERN. SAUV 750ML;104,70
7804340901170;VH TARAPACA GRAN RESERVA MERLOT 750ML;104,70
7804340901057;VH TARAPACA GRAN RESERVA CAMERNERE 750ML;104,70
7804340902535;VH LEON TARAPACA MERLOT 750ML;54,60
12546619592;TRIDENT TWIST TROPICAL;14,00
7896065880106;AGUA S/ GAS MINALBA 1,5L;5,00
7896065810592;AGUA S/GAS MINALBA 5L;10,60
7896065870510;AGUA C/GAS MINALBA 1,5L;5,50
7896062800138;AGUA C/GAS NESTLE 1,5L;6,70
7896062800145;AGUA C/GAS NESTLE 510ML;3,00
3700123302360;AGUA S/GAS NESTLE 510ML;3,00
80135425;RAFFAELLO T1;1,80
7898024395713;RAFFAELLO T1;1,80
7892840234140;FANDANGOS PRESUNTO 164G;12,70
7892840255947;FANDANGOS PRESUNTO 164G;12,70
7892840252649;CHEETOS LUA 140G;9,50
7892840233747;CHEETOS LUA 140G;9,50
78934344;DERBY VERMELHO;7,25
78934375;DERBY VERMELHO;7,25
7896066301105;PAO BAGEL MULTIGRAOS WICKBOLD 160G;5,50
7896066303680;PAO F CHIA MACAD REDONDO WICKBOLD 400G;11,80
7896066301099;PAO BAGEL GERGELIM WICKBOLD 160G;5,50
7790580343408;BALA MEL;0,20
7891000066607;LEITE UHT DESNATADO MOLICO 1L;10,80
7891000240502;LEITE UHT DESNATADO MOLICO 1L;10,80
7891000066614;LEITE UHT DESNATADO MOLICO 1L;10,80
5602012111238;VH CONVENTO DA SERRA 750ML;44,00
7898292885541;HERSHEYS MAIS COOKIES IN CREME;6,00
7898292885534;HERSHEYS MAIS AO LEITE;6,20
7622300852474;BARRA CHOC AMARO LACTA 150G;11,20
7896019621762;BARRA CHOC AMARO LACTA 150G;11,20
7892840255541;CEBOLITOS 110G;8,90
7892840234447;CEBOLITOS 110G;8,90
7892840256043;FANDANGOS QUEIJO 164G;12,70
7892840234249;FANDANGOS QUEIJO 164G;12,70
7892840233846;CHEETOS ONDA 150G;9,50
7892840252748;CHEETOS ONDA 150G;9,50
7895144080369;PURE FRESH FRUIT MORANGO GARRAFA;13,00
7895144080352;PURE FRESH ICE GARRAFA;13,00
7622300786601;BARRA CHOC BUBBLY AERADO 110G;10,40
7622300786748;BUBBLY AERADO LACTA 23G;4,00
7792319009906;VH NORTON MALBEC DOC 750ML;79,00
7792319657244;VH TINTO MERLOT NORTON 750ML;60,00
7792319676351;VH CABERNET SAUVIGNON NORTON 750ML;60,00
7792319678706;VH NORTON SYRAH 750ML;60,00
7792319675750;VH TTO NORTON TEMPRANILLO 750ML;60,00
7792319064073;VH COSECHA TARDIA NORTON 750ML;35,70
7792319676320;VH TTO MALBEC NORTON 750ML;44,00
7891150024168;ACIDIX PALITO UVA KIBON 54ML;2,80
7622300052225;MINI BIS AO LEITE 30G;3,30
7892840800079;PEPSI 350ML;5,20
7892840800628;PEPSI 350ML;5,20
7891000092606;CHOC LOLLO 28G;2,50
7622300862442;CHOC LAKA LACTA 20G;2,70
78932517;MARLBORO BLUE ICE MACO;8,00
4002103003014;CERVEJA ERDINGER WEIBLEIR 500ML;16,50
7891150024571;KIBON NAPOLITANO ESPECIAL CREMOSISSIMO 2L;27,50
7891150022348;PICOLE MAGNUM CHOC AMENDOAS KIBON;9,40
7898409952364;CREME CROCANTE OVOMALTINE 380G;34,60
7622300801779;PHILADELPHIA TRADICIONAL 300G;18,60
7891000090732;NESTON VITAMINA GARRAFA 280ML;6,20
37000476573;BATATA PRINGLES QUEIJO PEQUENO;11,60
38000846090;BATATA PRINGLES QUEIJO PEQUENO;11,60
7898210052000;AGUA COPO LINDOYA;2,00
7898210053052;AGUA COPO LINDOYA;2,00
7897041500049;AGUA COPO LINDOYA;2,00
7896008002008;AGUA COPO LINDOYA;2,00
7613033353321;CHOC KIT KAT 45G;5,40
7891000113417;CHOC KIT KAT 45G;5,40
40114613;CHOC KIT KAT 45G;5,40
7613033353338;CHOC KIT KAT 45G;5,40
7891000113424;CHOC KIT KAT 45G;5,40
-;PRESUNTO JAMON ESPANHOL;99,00
7891000066997;NESCAU GARRAFA 270ML;6,20
7891000090725;NESCAU GARRAFA 270ML;6,20
7891000101926;NESCAU GARRAFA 270ML;6,20
7622300862282;CHOC DIAMANTE NEGRO 20G;2,70
5601108224029;VH BRC VERDE CANTIL CALAMARES 750ML;38,30
7804340905109;VH BRC LATE HARVEST TARAPACA 500ML;57,00
5600260461327;VH RAPARIGA DA QUINTA ESCOLHA 750ML;44,90
7895144605685;MENTOS KISS MORANGO 35G;10,50
7895144605678;MENTOS KISS MENTA 35G;10,50
-;BALA TOFFE CHOKKO CEREJA;0,20
7895800164501;CHICLETS AMARELO;0,40
78932609;CHICLETS AMARELO;0,40
78932586;CHICLETS PRETO;0,40
-;CHICLETS ROXO;0,40
78932593;CHICLETS CINZA;0,40
7891164006105;COPA AURORA;88,00
7897259401565;BISNAGA DELICIA DE BRIGADEIRO 40G;2,80
7895144292441;MENTOS SLIM BOX TUTTI FRUTTI;2,80
7896094807778;CHOC. EXPRESSO COFFEE BEANS 10G;3,60
7896094807792;CHOC.CAPUCCINO COFFEE BEANS 10G;3,60
7896094807785;CHOC. CAFE C/ LEITE COFFEE BEANS 10G;3,60
7622300801786;PHILADELPHIA LIGHT 300G;18,60
7898176070162;AVARE PINGO DIET 100G;17,60
7898902516674;SALAMI EXTRA DE LA SIERRA;142,00
7896094803107;CHOC 50% CACAU DIATT ZERO 10G;1,60
7896094803015;CHOC AVELA ZERO DIATT 10G;1,60
7896094803114;CHOC. C/AMENDOAS DIATT ZERO 10G;1,60
7898292886333;HERSHEYS PACOCA 30G;2,20
7898936718013;GOIABADA CASCAO CREM SABORES DA FAZENDA 795G;26,00
7898132842147;AMAZOO ACAI TRAD 300ML;9,90
7898132844851;AMAZOO ACAI TRAD 300ML;9,90
7898132842154;AMAZOO ACAI BANANA 300ML;9,90
7898132842147;AMAZOO ACAI BANANA 300ML;9,90
7898132844868;AMAZOO ACAI BANANA 300ML;9,90
7898132842161;AMAZOO ACAI MORANGO 250ML;9,90
7898192034834;CHA VERDE C/ CRANBERRY FEEL GOOD 1L;9,40
-;BALA TOFFE CHOC. CHOKKO;0,20
7894904005482;SALSICHAS HOT DOG SEARA 500G;10,00
7896066302102;BISNAGUINHA INT SCOOBYDOO WICK 300G;7,30
7891150026179;PICOLE MAGNUM DOCE DE LEITE KIBON;9,40
78931329;LM AZUL BOX;7,50
7896336006631;PACOQUITA TRAD STA HELENA 20G;1,50
7896336006624;PACOQUITA TRAD STA HELENA 20G;1,50
40000001607;SKITTLES ORIGINAL 61,5G;11,30
40000011606;SKITTLES ORIGINAL 61,5G;11,30
4016007;SKITTLES ORIGINAL 61,5G;11,30
40000001621;SKITTLES ORIGINAL 61,5G;11,30
7898075290081;CHA MATE LIMA LIMAO 350ML;4,20
7891156040018;TONYU MACA 200ML;3,20
12546001915;TRIDENT TWIST BERRY LIME;14,70
12546001939;TRIDENT MINT BLISS TWIST;14,00
7622300807399;BIS AO LEITE 126G;7,30
3800020417836;KIT KAT CHUNKY 40G;6,50
3800020423349;KIT KAT CHUNKY 40G;6,50
3800020456293;KIT KAT CHUNKY 40G;6,50
3800020402122;KIT KAT CHUNKY 40G;6,50
7891000091296;SUFLAIR GARRAFA 270ML;5,00
80052883;TIC TAC TORMENTA T14;2,50
7898024395447;TIC TAC TORMENTA T14;2,50
7896030520556;Q. MINAS FRESCAL CREMOSO LIGHT 220G;13,30
-;LOMBO CONDIMENTADO CERATTI;75,00
78934306;HOLLYWOOD VERMELHO BOX;7,50
7894900530025;AGUAS S GAS CRYSTAL 1L;3,50
78931671;HOLLYWOOD AZUL BOX;7,50
7891000097069;CHOC. CLASSIC AO LEITE 40G;4,00
7622300802257;HALLS SOFT MENTA 23G;1,70
7622300802219;HALLS SOFT LARANJA 23G;1,70
7622300823603;TRIDENT MENTA 8G;4,60
7622300823641;TRIDENT FRESH MENT 30,6 G;4,50
73390006662;MENTOS ORANGEMINT 36G;31,00
73390006679;MENTOS WINTERGREEN 36G;31,00
7891008088816;CHOC BRC CAST PARA.COCO TALENTO 90G;7,80
7891150026728;KIBON LIGHT 2EM1 BAUN CHOCOLATE 1L;27,90
7891150026711;KIBON LIGHT 2EM1CREME MORANGO;27,90
7891150026704;KIBON BLAST DIAMANTE NEGRO 1L;21,90
7891150026742;KIBON SORVETERIA PASSAS AO RUM 1,5L;24,20
7891150026766;KIBON SORVETERIA LAKA 1,5L;24,20
7891150026773;KIBON SORVETERIA CHICABON 1,5L;24,20
7891150026841;KIBON 3 SELECOES FRUTAS TROPICAIS 1,5L;29,99
7891150026858;KIBON 3 SELECOES FRUTAS VERMELHAS 1,5L;29,99
7891150026803;KIBON BLAST TABLITO 1L;21,90
7891150026865;KIBON 3 SELECOES CHOCOLATE 1,5L;29,99
7891150026872;KIBON 3 SELECOES NUTS 1,5L;29,99
7891150026926;KIBON BLAST SONHO DE VALSA 1L;21,90
-;Q. COALHO TIROLEZ;49,00
-;Q. MUSSARELA SCALA;39,00
78933132;MINISTER UNIQUE MACO;5,25
7893500020110;ARROZ BRANCO TIO JOAO 1KG;6,00
7893500020097;ARROZ BRANCO TIO JOAO 1KG;6,00
7891150030725;FRUTTARE MOUSSE LIMAO KIBON 73ML;5,50
7891150030732;FRUTTARE MOUSSE MARACUJA KIBON 73ML;5,50
7891150029408;KIBON PICOLE MAX EXPLODE NA BOCA;3,30
7622300802301;HALLS SOFT SORTIDO 23G;1,70
7896094807075;CHOC. EXPRESSO COFFEE BEANS ZERO;4,00
7896094807082;CHOC CAFE C/ LEITE COFFEE BEANS ZERO;4,00
7896094807099;CHOC. CAPUCCINO COFFEE BEANS ZERO;4,00
7891149104956;BRAHMA ZERO LONG NECK 355ML;6,20
7892840235147;POP CORN NATURAL ELMA CHIPS 80G;4,50
7622300831776;SUCO MACA TANG 30G;1,60
7622300988470;BIS WAFER XTRA 45G;5,20
7622300811693;BIS WAFER XTRA 45G;5,20
7891000029329;NESCAFE TRADICAO 100G;14,90
7895144293080;PURE FRESH UP2U GARRAFA;13,00
38000844911;PRINGLES STIXPIZZA 139.2G;3,00
-;TUBETES COBERTO E RECH CHOC;80,00
12546676090;TRIDENT WHITE PEPERMINT;18,00
12546676113;TRIDENT WHITE SPEARMINT;18,00
2297406;BALA ALTOIDS WINTERGREEN 10,5G;20,00
7896843200164;AGUA C/GAS BIOLEVE 510ML;3,00
7895144293097;PURE FRESH FLIP TOP TUTTI FRUTTI;2,50
7898192034889;CHA VERDE C/ CRANBERRY FEEL GOOD 330ML;5,00
7892840242442;DORITOS ROLETA 100G;8,00
78934313;MINISTER SPECIAL MACO;5,25
7895144605302;MENTOS SLIM BOX CRAZY FRUIT;2,80
7891025700746;AGUA BONAFONT KIDS 300ML;3,00
7892840812867;H2OH LIMONETO 500ML;6,00
7892840812850;H2OH LIMONETO 500ML;6,00
7898024396956;TIC TAC MACA VERDE MANGA GOIABA 16G;2,50
78936218;TIC TAC MACA VERDE MANGA GOIABA 16G;2,50
-;SALAME AURORA;72,00
-;Q. MUSSARELA BUFALA BUFALO DOURADO;72,00
7804340902825;VH LEON TARAPACA SYRAH 750ML;54,60
7891149104932;BRAHMA ZERO LATA;5,50
-;BALA TOFFE TORTA DE LIMAO;0,20
7895144892931;CHICLETE SPEARMINT 3C MENTOS 8,5G;2,00
7891150033887;KIBON MINI BRIGADEIRO 127ML;8,80
7891150033870;PICOLE MAGNUM FRUTAS VERMELHAS KIBON;9,40
7891150033894;MAX PINTA LINGUA KIBON;3,30
78933996;DALLAS VERMELHO CLASSIC MACO;5,00
78934009;DALLAS AZUL CLASSIC MACO;5,00
7892840241841;LAYS CLASSICA 96G;9,50
7892840256449;LAYS CLASSICA 96G;9,50
7891143017177;Q. MINAS FRESCAL POLENGHI 150G;10,30
7622300811778;CHOC AO LEITE BUBBLY DUO BARRA 110G;10,40
7622300830182;SUCO SALADA DE FRUTAS TANG 30G;1,60
7622300846794;TRIDENT MELANCIA UNLIMITED 13,3G;4,50
7622300846756;TRIDENT MENTA UNLIMITED 13,3G;4,50
7898024395416;KINDER OVO RIO 40GRS;11,00
78931343;SHELTON CURTO BOX;7,50
7893000081628;MARGARINA AERADA QUALY 250G;4,70
-;Q. MINAS FRESCAL LIGHT TIROLEZ;48,00
7622300842468;HALLS MENTA PRATA 34G;2,30
7898132842338;AMAZOO ACAI TRAD. 750ML;25,90
7898132842352;AMAZOO ACAI MORANGO 750ML;20,00
7898132842345;AMAZOO ACAI BANANA 750ML;20,00
7892840812874;H2OH LIMONETO 1,5L;11,00
7892840812881;H2OH LIMONETO 1,5L;11,00
7891150034563;KIBON SORVETERIA PISTACHE 1,5L;24,20
7891150034495;KIBON BLAST PACOCA 1L;21,90
78933972;AGUA BONAFONT 330ML;4,00
7622300847678;TRIDENT HORTELA UNLIMITED 13,3G;4,50
12546004701;TRIDENT PERFECT PEPPERMINT TWIST;14,00
75032715;CERVEJA CORONA 355ML;11,90
75041137;CERVEJA CORONA 355ML;11,90
7501064191299;CERVEJA CORONA 355ML;11,90
7501064194160;CERVEJA CORONA 355ML;11,90
7501064194177;CERVEJA CORONA 355ML;11,90
7804340902924;VH CHI TARAPACA LEON SAUV BLANC 2014 187,5ML;16,40
7804340902948;KIT TARAPACA LEON SAUV BLANC;65,40
7896066301297;PAO F CAST QUINOA QUADRADO WICKBOLD 400G;11,80
7896273901013;POP CORN MANTEIGA ELMA CHIPS;4,50
7892840235246;POP CORN MANTEIGA ELMA CHIPS;4,50
7891098040039;CHA PRETO C/ LIMAO FUZE LEAO 300ML;5,00
7891098040084;CHA MATTE NATURAL LEAO 300ML;5,60
7895144293448;MENTOS STICK STRAWBERRY MIX;2,20
-;Q. PARMESAO SCALA;68,00
78934115;CERVEJA SOL PREMIUM MEXICO 330ML;5,20
7622300851392;BARRA CHOC LAKA OREO 150G;10,40
1254667253;TRIDENT TWIST WILD BLUEBERRY;14,00
7891143014657;CREAM CHEESE TRAD POLENGUI BISNAGA 400G;13,30
7896207609145;Q. TIPO PARMESAO POLENGHI;98,00
7896843200706;AGUA S/GAS BIOLEVE 310ML;2,70
7896843200713;AGUA C/GAS BIOLEVE 310ML;2,70
5600312192056;VH ROSE BIGODE 750ML;39,00
7804340101334;VH TTO TARAPACA LEON MALBEC/SYRAH 750M;42,00
-;Q. HOLANDEZ PRIMA DONNA;110,00
7898075290111;CHA LIMAO ZERO REI DO MATE 350ML;4,20
7891150037649;FRUTTARE MOUSSE MORANGO KIBON 73ML;5,50
7891150037656;KIBON MAX ALGODAO DOCE;3,90
7891150037670;PICOLE MAGNUM INFINITY KIBON;9,40
7891150035065;KIBON 3 SELECOES FLORESTA NEGRA 1,5L;29,99
7891150035089;KIBON BLAST ROMEU E JULIETA 1L;21,90
-;BALA 7 BELO IOGURTE;0,10
7896843200744;AGUA S/GAS BIOLEVE 1,5L;4,60
7892840244842;RUFFLES PEPPER 90G;8,00
7892840244941;RUFFLES EXTREME 100 BF;8,00
40329055;CAMEL FILTERS NATURAL FLAVOR;8,00
40331591;CAMEL BLUE NATURAL FLAVO;8,00
38000845130;PRINGLES CHEEZ UMMMS 169G;16,90
7622300850593;TRIDENT HORTELA POTE 40,6G;14,40
7622300850586;TRIDENT HORTELA POTE 40,6G;14,40
7622300850555;TRIDENT MENTA POTE 40,6G;14,40
7622300850548;TRIDENT MENTA POTE 40,6G;14,40
-;Q. REINO;60,00
7891149105601;SKOL BEATS LONG NECK;6,20
7891149105588;SKOL BEATS LONG NECK;6,20
5600312191868;VH BRANCO BIGODE 750ML;39,00
78921702;LA CEREJA;9,50
78922761;LA CEREJA ICE;9,50
7891098040015;CHA PRETO C/ PESSEGO LEAO FUZE 300ML;5,00
4033100053986;CAMEL DOUBLE;9,00
7622300847807;TRIDENT MENTA 25,2G;5,30
7622300847791;TRIDENT MENTA 25,2G;5,30
7804340101549;VH TARAPACA GRAN RESERVA PINOT NOIR 750ML;104,70
7804340909312;VH TARAPACA ETIQUETA NEGRA 750ML;201,40
-;SALSICHA VIENA HANS;26,00
7895411293669;PURE FRESH FRUIT BERRIES GARRAFA;13,00
7895144293660;PURE FRESH FRUIT BERRIES GARRAFA;13,00
7622300847753;TRIDENT MELANCIA 25,2G;5,30
7622300847838;TRIDENT FRESH INTENSE 25,2G;5,30
2276908;ALTOIDS PEPPERMINT 34G;19,20
78935754;DUNHILL BRANCO MACO;8,25
78932937;DUNHILL BRANCO MACO;8,25
-;BALA TOFFE DUPLO CHOCOLATE;0,20
7897395040390;ITAIPAVA ZERO ALCOOL LATA;5,50
7898192035596;CHA BRANCO C/ HIBISCO FEEL GOOD 330ML;4,50
78932371;LM SILVER;7,50
7898024396482;TIC TAC FRUTAS T14;2,50
78934696;TIC TAC FRUTAS T14;2,50
7891000119877;LEITE UHT DESN. ZR LACTOSE MOLICO 1L;11,00
7891000106754;LEITE UHT DESN. ZR LACTOSE MOLICO 1L;11,00
7891000023167;NESCAU LIGHT 200ML;3,00
7898192035589;CHA BRANCO C/ HIBISCO FEEL GOOD 1L;9,40
7895144899930;CHICLETE FRUIT 3C MENTOS 8,5G;2,00
7895144899947;CHICLETE FRESH MINT 3C MENTOS 8,5G;2,00
7891025104780;AGUA BONAFONT SPORTS 650ML;3,00
78935082;DALLAS VERMELHO CLASSIC BOX;5,00
78935075;DALLAS AZUL CLASSIC BOX;5,00
5605699102636;VH TTO PAULO LAUREANO BAG 3L;166,00
5605699092630;VH TTO PAULO LAUREANO BAG 3L;166,00
7898271090249;OVOS C/ 6 UNIDADES;3,60
7897330800072;OVOS C/ 6 UNIDADES;3,60
7896035990088;GOMA DE MANDIOCA AMAFIL 500G;8,20
5602720014036;VH TINTO EA 750ML;84,00
5602720014043;VH TINTO EA 750ML;84,00
7894321218526;TODDYNHO GARRAFA 270ML;5,00
4018077771750;AMENDOIM C/ COBERTURA CROCANTE;19,40
7891098040008;CHA PRETO PESSEGO ZR LEAO 300ML;5,00
7891143017412;POLENGUINHO REQUEIJAO C4 68G;6,80
7891143017382;POLENGUINHO GORGONZOLA 68G;6,80
78933149;DUNHILL LONGO;10,25
7622300860899;TRIDENT CEREJA ICE 8G;2,30
-;Q. HOLANDEZ MAASDAM;88,00
7892840241940;LAYS SOUR CREAM 96G;8,90
7892840257248;LAYS SOUR CREAM 96G;8,90
7891143017443;POLENGUINHO LIGHT C4 68G;7,30
7622300851248;BARRA CHOC CARAMELO BUBBLY 110G;10,40
38000851070;PRINGLES AZEITE OLIVA E PARMESAO 128G;15,30
7891143017436;POLENGUINHO TRAD C4 68G;6,60
7896843200850;AGUA S/GAS BIOLEVE KIDS 250ML ROSA;4,50
7891098040053;CHA VERDE ABAC HORT ZR LEAO FUZE 300ML;5,60
7891150039384;KIBON SORVETERIA TENTACAO 1,5L;24,20
7891150039834;KIBON LEITE CONDENSADO C/ MORANGO 80ML;5,50
7891150039391;KIBON CHANTIBON 1L;20,90
5602012111214;VH TERRAS DE XISTO TN 5L;199,00
7891143017429;POLENGUINHO CHEDDAR 68G;6,80
7891143017375;POLENGUINHO GRUYERE C4 68G;6,80
-;PICANHA DEFUMADA CERATI;116,00
-;PASTRAMI CERATTI;80,00
7891150036529;KIBON MINI BLAST CHOCOLATE 150ML;5,50
7891150036734;KIBON MINI BLAST ROMEU E JULIETA 150ML;5,50
7896202891415;BANANINHA OLIVEIRA 35G;3,00
7622300858841;MINI HALLS EXTRA FORTE 15G;3,00
7622300858834;MINI HALLS EXTRA FORTE 15G;3,00
7891000107669;CHOC CLASSIC AO LEITE 25G;3,30
7891000103401;CHOC DIPLOMATA 140G;9,40
7891098040022;CHA PRETO C LIMAO ZR LEAO FUZE 300ML;5,00
-;BALA TOFFE FRUTAS VERMELHAS;0,20
-;BALA TOFFE CAFE;0,20
78933262;CHOC MINI KIT KAT WHITE 16,7G;2,00
4000539363108;CHOC. LINDT LINDOR 38G;13,50
7896053800109;CHOC. LINDT LINDOR HEART 48G;28,90
7895144408118;MENTOS STICK CHOCO;4,00
7895144404332;PURE FRESH SPEARMINT LATA;9,20
7895144404349;PURE FRESH MINT LATA 29G;9,20
7898292887613;REESES STICKS 142G;7,50
7891000240373;LEITE UHT SEMIDESNATADO NINHO 1L;10,80
7891000076217;LEITE UHT SEMIDESNATADO NINHO 1L;10,80
-;Q. MINAS FRESCAL S/ LACTOSE TIROLEZ;40,00
7895144203843;MENTOS STICK MACA VERDE;2,20
7895144293844;MENTOS STICK MACA VERDE;2,20
7622300858933;MINI HALLS MENTOL 15G;3,00
7622300858926;MINI HALLS MENTOL 15G;3,00
7622300858803;MINI HALLS CEREJA 15G;3,00
7622300858797;MINI HALLS CEREJA 15G;3,00
7896843200867;AGUA C/GAS BIOLEVE 1,5L;4,00
-;Q. BUONISSIMO BERGADER;132,00
-;SALAME HAMBURGUES SEARA;84,00
-;MORTADELA DEFUMADA SEARA;25,00
-;SALAME ITALIANO SEARA;77,00
7891008273502;MINI TALENTO AMENDOAS MEIO AMARGO 25G;4,00
78907355;MINI TALENTO AMENDOAS MEIO AMARGO 25G;4,00
7896839134213;PIPOCA MICROONDAS MANTEIGA ZOOM 90G;2,00
7896839134114;PIPOCA MICROONDAS NAT ZOOM 90G;2,00
7892840257347;LAYS PICANHA 96G;8,90
7892840242046;LAYS PICANHA 96G;8,90
7622300858872;MINI HALLS MELANCIA 15G;3,00
7622300858889;MINI HALLS MELANCIA 15G;3,00
7891000107867;CHOC. MINI SUFLAIR AO LEITE 20,5G;2,40
7894904005833;SALSICHA DE FRANGO SEARA 500G;9,80
-;BLANQUET DE PERU SEARA;50,00
7798057482384;VH TTO ALTA VISTA CABERNET 750ML;65,00
7893000973305;PEITO DE PERU SEARA;59,00
78932364;LM VERMELHO BOX;7,50
-;Q. MINAS FRESCAL FAZENDA;46,00
7896839137115;PIPOCA NATURAL ZR DA MAGRINHA 70G;3,20
4905004;COCA COLA CHERRY LATA 355ML;10,70
3800004;COCA COLA CHERRY LATA 355ML;10,70
1662672;COCA COLA CHERRY LATA 355ML;10,70
7896207613142;MINI FRESCATINO TRAD. 130G;7,70
7896207613159;MINI FRESCATINO LIGHT 130G;8,40
-;PRESUNTO COZ SEARA;30,00
7891515220358;PRESUNTO PERDIGAO;32,00
7891008127409;CHOC BRANCO C DOCE DE LEITE TALENTO 90G;8,60
7896066301778;PAO F INTEGRAL WICKBOLD 550G;9,40
-;Q. MINAS PADRAO S LACTOSE TIROLEZ;70,00
-;Q. PROVOLONE FRACIONADO TIROLEZ;72,00
7891079001004;MIOJO CARNE TURMA DA MONICA 80G;2,00
7896030520518;Q. TIPO COTTAGE S LACTOSE TIROLEZ 250G;16,80
-;Q. MINAS PADRAO PELISSARI;49,00
7898215710011;Q. MINAS FRESCAL PELISSARI;37,00
-;PINGO DE LEITE OLIVEIRA 10G;0,70
78934504;HOLLYWOOD MENTA BOX;7,50
7891000107898;CHOC. MINI SUFLAIR DUO 20,5G;2,40
7891095023363;POP CORN NAT YOKI 70G;2,80
7891109502336;POP CORN NAT YOKI 70G;2,80
2800044652504;POP CORN NAT YOKI 70G;2,80
78935587;TIC TAC HORTELA MIX T14;2,50
7898024396833;TIC TAC HORTELA MIX T14;2,50
-;Q. FRESCO LIGHT TIROLEZ ABRE FACIL;38,00
-;Q. FRESCO LIGHT S/ LACTOSE TIROLEZ;48,00
7896045504831;CERVEJA AMSTEL LATA 350ML;5,50
7891150041042;PICOLE MAGNUM COOKIES CREAM KIBON 100ML;9,40
7891150040694;CORNETTO BISCOITO KIBON 120ML;7,50
7891150041394;PICOLE MAX VULCAO DO MAR KIBON 50ML;3,30
7891150041400;KIBON SELECOES GELATTO LIMAO 1,5L;29,90
7891150041417;KIBON SELECOES GELATTO MORANGO 1,5L;29,90
7891150041462;KIBON SELECOES GELATTO CAPPUCINO 1,5L;29,90
7891150042339;KIBON SELECOES GELATTO GIANDUIA 1,5L;29,90
7891150041554;PICOLE FRUTAS VERMELHAS ZERO KIBON 60ML;5,50
7891150041387;FRUTTARE JABUTICABA KIBON 60ML;3,90
7895144292847;FRUITTELLA TUTTI-FRUTTI 40G;3,00
7891095023387;POP CORN MANTEIGA YOKI 70G;2,80
78932821;DERBY AZUL MINI;5,00
7895144293981;PURE FRESH FRUIT VANILLA MINT GARRAFA;13,00
12546006385;TRIDENT PINEAPPLE TWIST;14,70
78933118;LUCKY STRIKE CONTROL;7,50
4936509;COCA COLA VANILLA LATA 350ML;11,80
4936509;COCA COLA VANILLA LATA 350ML;11,80
1662665;COCA COLA VANILLA LATA 350ML;11,80
7622300869977;HALLS FIRE 34G;2,30
7622300869960;HALLS FIRE 34G;2,30
7622300870010;HALLS ICE 34G;2,30
7622300870003;HALLS ICE 34G;2,30
-;CRUSH ORANGE 355ML;8,40
-;Q. PARMESAO PARMENTINO POLENGHI;86,00
7894900610017;SUCO 100% LARANJA DEL VALE 1L;12,70
7894900611014;SUCO 100% UVA DEL VALLE 1L;15,50
-;BALA MY TOFFE IOGURTE GREGO;0,20
7891149106288;SKOL ULTRA LONG NECK;6,20
7898292887163;HERSHEYS AO LEITE 40G;4,00
7895144598130;MENTOS MURAK CEREJA 42G;14,40
7895144598123;MENTOS MURAK MENTA 42G;14,40
7610403072547;CHOC C LICOR AMARULA GOLDKENN 100G;41,60
7610403072509;CHOC RECH JACK DANIELS TENNESSE WHISKEY 100G;44,00
5602720044729;VH TTO CARTUXA EVORA 1,5ML;430,00
7891025106616;AGUA BONAFONT MASCOTES 330ML;4,00
7892840248048;RUFFLES EXTREME 90G;8,90
7897344900171;GARRAFINHA DE LICOR AMARULA;3,80
7897344900850;GARRAFINHA DE LICOR CHOCOLATE;3,80
7897344900157;GARRAFINHA DE LICOR CEREJA;3,80
7891000103289;BARRA CHOC MEIO AMARGO CLASSIC NESTLE 170G;8,60
7891095023370;POP CORN NAT C SAL YOKI 70G;2,60
7895144856506;CHICLETE MELANCIA 3C MENTOS 8,5G;2,00
7895144896502;CHICLETE MELANCIA 3C MENTOS 8,5G;2,00
7895144896496;CHICLETE TUTTI FRESH 3C MENTOS 8,5G;2,00
7896066301259;MINI PAO F MULTIGRAOS WICKBOLD 225G;7,80
7896066301273;MINI PAO F CASTANHA QUINOA WICKBOLD 225G;7,60
7896066301266;MINI PAO F CHIA E MACADAMIA WICKBOLD 225;7,60
5605699101639;VH TTO CLASSICO PAULO LAUREANO 750ML;62,00
5605699104432;VH TTO VINHAS VELHAS PAULO LAUREANO 750ML;81,00
5605699091220;VH TTO RESERVE PAULO LAUREANO 750ML;132,00
3560569909122;CX 3UN VH TTO RESERVE PAULO LAUREANO;396,00
12546006347;TRIDENT TWIST BLACK RASPERRY;14,00
-;Q. CANASTRA;80,00
7896053800468;SNACK ARROZ QUEIJO 100G;16,00
7896183220013;LEITE UHT DESNATADO LONG 1L;6,30
7891025700722;AGUA S/GAS PURAFONT 500ML;3,00
7896292300507;MILHO VERDE PREDILECTA 200G;3,90
7896066301280;PAO FORMA ZERO WICKBOLD 500G;9,40
7897395040307;CEREVJA ITAIPAVA LATA 269ML;3,00
7891095006274;POP CORN TEMPERADA YOKI 100G;4,00
7891118013159;BALA CHICLE POOSH HORTELA;0,10
7898024397038;TIC TAC PIPOCA 100UN;7,30
7898132842123;AMAZOO ACAI BANANA 1L;31,30
-;COPA CERATTI;100,00
78932753;LUCKY STRIKE DOUBLE;8,25
7898024396529;NUTELLA C/AVELA 650G;50,50
7898024397021;TIC TAC PIPOCA T14;2,50
78936423;TIC TAC PIPOCA T14;2,50
7896114900038;ATUM RALADO PESCADOR 120G;6,00
7897395040468;CERVEJA ITAIPAVA ZERO 355ML;6,20
7896066301242;PAO F FREEKEH E NOZ-PECA WICKBOLD 400G;11,80
7891118013333;BALA 7BELO FRAMBOESA CROCANTE;1,00
-;LOMBO CANADENSE CERATTI;48,00
7896066301235;PAO F 100% INT GRAO SABOR WICKBOLD 400G;11,80
-;Q. RICOTA FRESCA TIROLEZ;21,00
7891150043831;KIBON FRUTAS VERM C LEITE CONDENSADO 50ML;3,30
7891150043848;KIBON MARACUJA C LEITE CONDENSADO 50ML;3,30
7891150044289;PICOLE MAGNUM CAPPUCCINO KIBON 100ML;9,40
7610403072561;CHOC RECH JACK DANIELS TENNESSE HONEY 100G;41,60
7891515742065;SALSICHA VIENA PERDIGAO 500G;11,50
7891150026735;KIBON SORVETERIA CROCANTE 1,5L;24,20
7898902560035;PRESUNTO MONTEGENEROSO NEGRONI;99,00
7891000110874;NESCAU ZERO LACTOSE 200ML;3,40
7896894900013;ACUCAR CARAVELAS 1KG;5,50
7896894900051;ACUCAR CARAVELAS 1KG;5,50
7896423483055;CHOC SNICKERS 21,5G;1,70
7896423483048;CHOC SNICKERS 21,5G;1,70
-;CHAMYTO TRAD 75G;1,00
-;Q. HOLANDES GOUDA COROA;121,00
-;Q. HOLANDES MAASDAMMER COROA;88,00
7895144490342;MENTOS KISS XTREME FROZEN 35G;10,50
7895144400341;MENTOS KISS XTREME FROZEN 35G;10,50
7895144294353;PURE FRESH FLIP TOP STRAWBERRY;2,50
7895144204352;PURE FRESH FLIP TOP STRAWBERRY;2,50
5601766700415;VH TTO PORTAS DO SOL 750ML;36,40
5602012601869;VH TTO DA TALHA 750ML;71,80
5602252000675;VH TTO VERSATIL 750ML;47,90
5602252000590;VH BRC VERSATIL 750ML;47,90
2297309;BALA ALTOIDS PEPPERMINT 10,5G;20,00
-;Q. MINAS PADRAO TRAD TIROLEZ;72,00
-;Q. MINAS MEIA CURA TIROLEZ;76,00
-;Q. MINAS PADRAO LIGHT TIROLEZ;72,00
-;PATE DE ALICHELA FP;70,00
-;PATE DE BERINJELA FP;70,00
-;PATE DE AZEITONA FP;60,00
-;PATE DE ERVAS FINAS FP;60,00
-;PATE DE 4 QUEIJOS FP;60,00
-;PATE DE TOMATE SECO FP;60,00
-;PATE DE SARDELLA FP;70,00
-;BALA TOFFE CHOC. BRANCO;0,20
-;PIRULITO CORACAO BABY;0,20
7896321011299;PIRULITO CORACAO;0,30
-;TUBETES RECHEADO CHOC. C AVELA;121,00
-;OVO UNIDADE;0,50
-;PIRULITO DE CORACAO GRANDE;0,50
-;Q. MINAS FRESCAL TIROLEZ;48,00
-;TUBETES BAUNILHA BARION;66,00
7891118011957;PIRULITO BIG BIG;0,40
7891118011995;PIRULITO 7 BELO FRAMBOESA;0,40
7896289400081;RAPADURINHA DE MINAS 25G;1,70
7891118009633;BALA TOFFE CHOKKO MENTA;0,20
-;BALA TOFFE TRUFA;0,20
-;BALA TOFFE MOUSSE MARACUJA;0,20
-;BALA TOFFE CAPUCCINO;0,20
-;BALA POCKET MELAO;0,10
-;BALA BRAZILIAN COFFE;0,20
-;SALAME ITALIANO NOBRE;77,00
-;BALA TOFFE COCO;0,20
7891118009763;BALA TOFFE LEITE;0,20
-;Q. PARMESAO TIROLEZ;46,00
-;Q. MINAS PADRAO LIGHT S LACTOSE TIROLEZ;80,00
7894900020007;COCA COLA C STEVIA LATA 350ML;5,20
5601110218269;VH TTO CANTIL CALAMARES 750ML;38,30
78936683;HEINEKEN LONG NECK 330ML;7,60
7622210463319;CHOC MILKA E OREO 41G;7,50
7622300988517;BIS XTRA BRANCO LACTA 45G;5,20
7622300988524;BIS XTRA BRANCO LACTA 45G;5,20
7622210641946;CHOC LAKA OREO 20G;2,50
7622210641939;CHOC LAKA OREO 20G;2,50
7622300988883;BOMBOM C RECHEIO BAUN OREO 41G;4,60
7622300988074;BOMBOM C RECH CREM CROC LACTA 41G;4,60
7622300988067;BOMBOM C RECH CREM CROC LACTA 41G;4,60
7622300990268;HALLS FRUIT EXPLOSION FRUTAS VERMELHAS 34G;2,30
7894321826011;ATUM RALADO COQUEIRO LIGHT 170G;7,90
78934467;HILTON CURTO MACO;7,50
7896207612589;Q. REINO POLENGHI;110,00
7896438513167;CHICLET SMURFS TUTTI FRUTTI 32G;5,50
78935648;MARLBORO DOUBLE BURST;9,00
7896066301785;PAO F INT E ZERO WICKBOLD 500G;9,40
78936560;LM BLACK ICE;7,50
-;Q. GRUYERE TIROLEZ;76,00
7622300991845;TRIDENT MARACUJA AMORA 8G;2,30
7622300991807;TRIDENT FRAMBOESA MELAO 8G;2,30
7622300991739;TRIDENT LIMONADA UVA 8G;2,30
-;PRESUNTO ROYALE SEARA;64,00
78934382;MINISTER SPECIAL BOX;5,00
78934399;MINISTER UNIQUE BOX;5,00
7622300991500;CHOC DIAMANTE NEGRO LACTA 90G;8,80
7622300991456;CHOC AO LEITE LACTA 90G;8,80
7622300991418;CHOC LAKA LACTA 90G;8,80
7622300991371;CHOC SHOT AMENDOIM LACTA 90G;8,80
7622210646354;HALLS FRUIT EXPLOSION BLUEBERRY 34G;2,30
7895144294049;FRUITTELLA MILKSHAKE MORANGO 40G;3,00
7898955617502;Q. PRATO PRESIDENT;47,00
7891150047310;MINI ESKIBON DOCE DE LEITE 135ML;8,80
7891150047341;PICOLE MAGNUM PETIT GATEAU 100ML;9,40
7891150047358;PICOLE MAGNUM CREME BRULEE 100ML;9,40
7891150048430;FRUTTARE AGUA DE COCO KIBON 56ML;3,30
7891150044357;KIBON BLAST COOKIES CREAM 1L;21,90
7891150048683;KIBON SORVETERIA CHOCOFLOCOS 1,5L;24,20
7894321218229;TODDY GARRAFA 270ML;5,00
5603790004330;VH TTO CHAMINE 750ML;112,80
5602720014135;VH TTO EA RESERVA 750ML;138,50
5602720094045;VH TTO VINEA CARTUXA 750ML;56,40
7891143015937;POLENGUINHO POCKET TRAD 34G;2,30
7891143016637;POLENGUINHO POCKET LIGT 34G;2,40
7891143016743;POLENGUINHO POCKET LIGT 34G;2,40
7896045505319;CERVEJA AMSTEL LATA 269ML;4,50
7622300989316;BIS OREO 100G;7,60
7895800151426;BUBBALOO MORANGO;0,40
7895800440797;BUBBALOO HORTELA;0,40
-;BUBBALOO UVA;0,40
-;BALA TOFFE CHOCOLATE;0,20
-;PATE DE ABOBRINHA FP;70,00
-;TOMATE SECO FP;60,00
7896102503708;KETCHUP HEINZ 397G;13,00
7898342865004;MOSTARDA HEINZ 255G;13,50
7896102503715;MOSTARDA HEINZ 255G;13,50
7896036094969;POMAROLA TRADICIONAL 340G;6,60
7896036094983;ELEFANTE LATA 340G;7,90
7891150001954;ADES ORIGINAL ZERO 1L;10,00
7894000050027;MAIONESE HELLMANNS 250G;9,80
7896085053399;BISCOITO MAISENA ADRIA 200G;4,00
7891095008452;POP CORN MANTEIGA CINE YOKI 100G;4,10
7896292300545;ERVILHA PREDILECTA 200G;3,90
7622210411501;CHOC 5 STAR 40G;4,00
78918368;PASTILHA LARANJA FLOPI 40G;8,50
78918351;PASTILHA FRUTAS SORTIDAS FLOPI 40G;8,50
78918344;PASTILHA CEREJA FLOPI 40G;8,50
78918337;PASTILHA MORANGO FLOPI 40G;8,50
78918320;PASTILHA UVA FLOPI 40G;8,50
7891151028820;CHICLETE HELLO KITTY BUZZY;3,00
7891151034043;CHICLETE MONSTER HIGH BUZZY;2,00
7897425800031;SOUZA PAIOL CIGARRO;14,00
8414775013547;SMOKING BROWN;9,00
84196590;SMOKING MASTER;7,80
84190369;SMOKING KING SIZE;7,80
84157065;SMOKING RED;7,80
84157072;SMOKING BLUE;7,80
70330913431;ISQUEIRO MINI BIC;5,20
70330909229;ISQUEIRO BIC;7,50
7730303001000;ALFAJOR NEGRO 60G;7,50
751320143662;STROOPWAFEL DUTCHIES 40G;3,60
8720400083572;CAFE CREME AROME;39,00
8720400000425;CAFE CREME BLUE;39,00
8720400000210;CAFE CREME ORIGINAL;39,00
7898486485113;AAUH GLEEK GARRAFA;13,00
7896102584189;MAINOSE HEINZ 215G;11,80
7898230715107;BADEN BADEN WEISS 600;28,40
7898230710102;BADEN BADEN CRISTAL 600;23,90
7898230715213;BADEN BADEN WITBIER 600;28,40
7898230715558;BADEN BADEN IPA 600;28,40
7898367980010;EISENBAHN LONG NECK 355ML;7,60
78905498;HEINEKEN 600ML;12,80
5601377335082;VH REGUENGOS 750ML;42,50
7804350002140;VH S.CAROLINA RESERVADO MERLOT 750ML;39,90
7896102584180;VH S.CAROLINA RESERVADO MERLOT 750ML;39,90
7804350002157;VH S.CAROLINA RESERVADO CARMENERE 750ML;39,90
7793440702964;VH TTO BENJAMIN CABERNET SAUVIGNON 750ML;44,70
5601377001000;VH OLARIA 750ML;39,00
7804350596236;VH S.CAROLINA RESERVADO CABERNET 750ML;39,90
7793440702940;VH TTO BENJAMIN MALBEC 750ML;44,70
7896035911144;FAROFA PRONTA TRADICIONAL 500GR;6,90
7896022200022;MACARRAO FUSILLI RENATA;7,90
7897721411252;MACARRAO SPAGHETTI RENATA;7,90
7896035990095;TAPIOCA AMAFIL 1KG;7,90
7896279600538;OLEO SOJA COAMO 900ML;4,90
7891999960054;Q. PARMESAO FAIXA AZUL RALADO 50GR;8,90
-;Q. TIPO PARMESAO LA SERENISSIMA;98,00
-;Q. GRANA GRAN MESTRI;120,00
7896102584188;Q. PARMESAO TIROLEZ RALADO 50GR;4,10
84195937;SMOKING DELUXE;7,80
7896292399525;KETCHUP CHEF BREWER;10,50
7896292399532;MOSTARDA CHEF BREWER;13,50
7898152990354;ACETATO BALSAMICO 250ML;11,50
4066600060741;PAULANER HEFE WEISBIER;16,90
7898942815485;DAMA BIER YIARA 600ML;31,90
8436004990191;PRESUNTO SERRANO JOSEF LLORENS;46,30
-;SALAME HAMBURGUES JL;182,00
8436004994731;PRESUNTO CRU SERRANO JL;149,00
-;SALAME SERRANO JL;193,00
-;MORTADELA C/ PISTACHE MONTORSI;75,00
-;Q. GORGONZOLA FLORA;62,00
-;Q. HOLANDES PRIMA DONNA AZUL;219,00
7891999852205;MARGARINA MIX C/SAL VIGOR 250G;11,30
-;BADEN BADEN IPA 600;28,40
7891025109396;ACTIVIA MORANGO 170G;5,20
7891025109433;ACTIVIA AVEIA 170G;5,20
7891025109419;ACTIVIA AMEIXA 170G;5,20
7891025126768;CORPUS BREAK MORANGO 170G;4,80
7891025101376;DANONE MORANGO 170G;4,50
7891025101161;DANONE VITAMINA DE FRUTAS 170G;4,50
7891025106838;GREGO FRUTAS VERMELHAS DANONE;3,90
7891025110057;GREGO LIGHT ORIGINAL DANONE;3,90
7891025107163;ACTIVIA MANHA MAM/MACA/LAR 170G;7,50
7891025107170;ACTIVIA MANHA MOR/BAN/MACA 170G;7,50
7891025106067;DANONINHO MORANGO 100G;2,90
7891025699880;REQ. CREMOSO DANONE 200G;11,60
7891025101604;LEITE INTEGRAL PAULISTA 1L;5,40
7891025106807;LEITE ZERO LACTOSE PAULISTA 1L;6,80
7896030518751;REQ. CREM LIGHT TIROLEZ 200G;7,80
7896030518997;REQ. CREM FIBRA TIROLEZ 200G;7,80
7898904189418;GOIABADA RALSTON 30G;2,00
7898904189463;BANANINHA RALSTON 30G;2,50
7896030519659;MANTEIGA S/ SAL TIROLEZ 200G;10,80
7896030519635;MANTEIGA C/ SAL TIROLEZ 200G;10,80
7896060016050;GOLD ADOC SUCRALOSE 75ML;13,80
-;Q. EMENTAL TIROLEZ;72,00
7896030518270;Q. MINAS FRESCAL LIGHT TIROLEZ;42,00
7896030520273;REQ. CREM ZERO LACTOSE TIROLEZ 200G;7,90
-;Q. MINAS ZERO LACTOSE TIROLEZ;48,00
-;Q. REINO FRACIONADO TIROLEZ;55,00
7896353300064;CATUPIRY CREMOSO 410G;22,50
7896353301184;REQ. CREM TRAD CATUPIRY 200G;8,30
7896353301191;REQ. CREM LIGHT CATUPIRY 200G;8,30
-;REQ. BISNAGA CATUPIRY 200G;8,30
7896030519314;RICOTA CREMOSA LIGHT TIROLEZ 250G;11,60
7896030520020;COTTAGE TRAD TIROLEZ 250G;14,90
7896030518027;REQ. CREM TRAD TIROLEZ 200G;7,00
7895144294490;PURE FRESH S/ACUCAR GARRAFA;13,00
7896102503852;MOLHO BARBECUE HEINZ;25,60
7896050481011;PALITO DE CHOCOLATE VILLAGE 60G;4,50
7896050403419;PALITO DE CHOCOLATE VILLAGE 60G;4,50
7896050411025;WAFER CHOCOLATE VILLAGE;2,50
7896050481011;PIPOCA CARAMELIZADA 65G;4,70
-;Q. MUSSARELA TIROLEZ;51,00
-;Q. PRATO S/ LACTOSE TIROLEZ;68,00
-;Q. MINAS FRESCAL CAMBUIENSE;35,00
-;Q. PRATO ESFERICO TIROLEZ;62,00
-;Q. MUSSARELA LACMON;68,00
7898905835093;Q. MUS BUFALA CEREJA LEVITARE;19,90
7898905835246;Q. MUS BUFALA CAPRESE LEVITARE;31,80
7894904986521;COPA FATIADA SEARA;18,10
-;PEITO PERU DEFUMADO REZENDE;59,00
7892840253745;DORITOS NACHO 55G;5,40
7892840252847;CHEETOS LUA 51G;3,60
7892840252946;CHEETOS ONDA 57G;3,60
7892840253844;RUFFLES ORIGINAL 57G;5,30
7892840255046;RUFFLES CHURRASCO 57G;5,30
7892840126216;PINGO DOURO BACON 90G;5,40
7892840126810;STIKSY 90G;5,40
-;LAYS PICANHA 96G;15,00
7896828000017;AGUA DE COCO KERO 200ML;4,00
-;KIBON PALITO TABLITO 72ML;5,50
7891000106945;GALAK POTE 1,5L NESTLE;17,90
7891000106969;NAPOLITANO ESPC POTE 1,5L NESTLE;17,90
7891000106921;SENSACAO POTE 1,5L NESTLE;17,90
7891000106907;PRESTIGIO POTE 1,5L NESTLE;17,90
7891000106808;MOCA BRIGADEIRO POTE 1,5L NESTLE;17,90
7891000106822;LA FRUTA MOR/FRAMB POTE 1,5L NESTLE;17,90
7891000110270;MOLICO CHOC/MOR POTE 455ML NESTLE;14,90
7891000110676;ALPINO POTE 455ML NESTLE;14,90
7891000110690;NEGRESCO POTE 455ML NESTLE;14,90
7891000110850;CRUNCH POTE 455ML NESTLE;14,90
7891000118566;LA FRUTA ABAC/COCO POTE 1,5L NESTLE;17,90
7891000119716;LA FRUTA UVA/LIMAO POTE 1,5L NESTLE;17,90
7891000119730;MOLICO ZERO LACTOSE POTE 455ML NESTLE;14,90
7891000120071;NAPOLITANO POTE 1,5L NESTLE;15,90
7891000120507;CREME TRAD POTE 1,5L NESTLE;15,90
7891000120521;FLOCOS TRAD POTE 1,5L NESTLE;15,90
7891000120484;NAPOLITANO S/ LACTOSE POTE 1,5L NESTLE;17,90
7891000241356;PASSATEMPO CHOCO 130G RV;3,50
7891000089798;BISC CACAU E CEREIAS NESFIT 200G;5,40
7891000913000;AVEIA EM FLOCOS QUAKER 200G;5,50
7894321219820;AVEIA EM FLOCOS QUAKER 200G;5,50
7891168100069;BISC AGUA E SAL TOSTINES 200G;5,40
7891000023808;NEGRESCO 140G RV;3,80
7891000018774;BONO MORANGO 140G RV;3,80
7622300830090;OREO 144G RV;8,30
-;CALIPSO CHOCO 130G RV;8,00
7891000889701;CALIPSO CHOCO 130G RV;8,80
7891000919705;NESFIT LEITE E MEL 200G RV;5,30
7891000241295;PASSATEMPO MORANGO 130G RV;3,50
7894321219523;TODDY COOKIE 150G RV;9,40
7891080000119;FARINHA TRIGO SOL 1KG FP;6,00
7896214532504;QUEENSBERRY MORANGO 320G;25,90
7896214532702;QUEENSBERRY F VERMELHA 320G;25,90
7896214532603;QUEENSBERRY AMORA 320G;25,90
7896214532207;QUEENSBERRY DAMASCO 320G;25,90
-;QUEENSBERRY AMORA 320G;25,90
-;BATATA PALHA ELMA CHIPS 140G;10,40
-;TODDY ORIGINAL 400G;8,00
-;NESCAU ORIGINAL 200G;8,00
7891000120101;CREME DE LEITE 300G;8,60
7891167011731;ATUM SOLIDO GOMES DA COSTA 170G;13,00
7891167021013;SARDINHA GOMES DA COSTA 125G;5,70
7891021001885;MELITTA FILTRO 102;5,50
7891021001946;MELITTA FILTRO 103;6,00
-;QUEIJO PECORINO ROMANO;198,00
-;PARMIGIANO REGGIANO;199,90
7891143016606;POLENGUINHO POCKET GORGONZOLA;2,90
7891143016613;POLENGUINHO POCKET GRUYERE;2,90
7891143016781;POLENGUINHO POCKET CHEDDAR;2,90
-;Q. MAASDAN HOLANDEZ IMPORTADO;196,00
-;Q. MUSSARELA TRES MARIAS;39,00
-;Q. PRATO TRES MARIAS;39,00
-;Q. MUSSARELA POLENGUI;39,00
-;Q. PRATO POLENGUI;39,00
-;Q. EDAM TIROLEZ;76,00
3222110008111;CREME DE ST AGUR 150G;62,40
3341500006008;SAINT AGUR 125G;58,00
3272770003148;Q. CHAVROUX;36,00
-;MORTADELA C/ PISTACHE GIULIETTA;84,00
3412290015997;MANTEIGA MOULE C/SAL;23,30
3412290011944;MANTEIGA PAYSAN BRETON S/SAL;23,30
-;PRESUNTO PARMA DESOSSADO NEGRONI;198,00
-;PRESUNTO SAN DANIELLE;218,00
-;SALAME EXTRA DE LA SIERRA;126,00
3412290011937;MANTEIGA PAYSAN BRETON C/SAL;21,80
7891000039342;NESTLE PALITO CHOCOLATE;3,50
7891000105788;NESTLE PALITO CHOCOLATE;3,50
7891000702505;NESTLE PALITO CHAMBINHO;3,50
7891000098875;NESTLE CONE SERENATA DE AMOR;6,00
7891000099346;NESTLE PALITO BATON;2,00
7891000099933;NESTLE PALITO BRIGADEIRO;4,00
7896050099995;NESTLE CONE LOLLO;6,00
7891000099995;NESTLE CONE LOLLO;6,00
7891000100134;LA FRUTTA PALITO MORANGO NESTLE;3,50
7891000100158;NESTLE CONE SENSACAO;6,00
7891000100622;MEGA TRUFA BRANCO NESTLE;7,00
7891000100660;MEGA CLASSICO NESTLE;7,00
7891000101773;LA FRUTTA PALITO UVA NESTLE;3,50
7891000101827;LA FRUTTA PALITO LIMAO NESTLE;3,50
7891000105788;NESTLE PALITO PRESTIGIO;5,50
7891000107003;LA FRUTTA PALITO COCO NESTLE;3,50
7891000240953;SORVETE ALPINO NESTLE 180ML;6,00
7891000112069;SORVETE ALPINO NESTLE 180ML;6,00
7891000112083;SORVETE CRUNCH NESTLE 180ML;6,00
7891000240908;SORVETE CRUNCH NESTLE 180ML;6,00
7891000113271;GELATO PISTACCHIO NESTLE 140ML;10,00
7891000240847;GELATO PISTACCHIO NESTLE 140ML;10,00
7891000240700;GELATO FRAGOLA NESTLE 68G;10,00
7891000240861;GELATO LIMONCELLO NESTLE 140ML;10,00
7891000240786;GELATO LIMONCELLO NESTLE 140ML;10,00
7891000241233;GELATO LIMONCELLO NESTLE 140ML;10,00
7891000240823;GELATO CAPUCCINO NESTLE 68G;10,00
7891000113202;GELATO CAPUCCINO NESTLE 68G;10,00
7891000240755;GELATO GIANDUIA NESTLE 68G;10,00
7891000240823;GELATO FRAGOLA NESTLE 140G;10,00
7891000119914;LA FRUTTA JUICE PERA/ABAC/LAR NESTLE;3,50
7891000120057;MEGA AMENDOAS NESTLE;7,00
7891000090057;MEGA AMENDOAS NESTLE;7,00
7891000120668;LA FRUTTA JUICE ACAI/MOR/BAN NESTLE;3,50
7891000120682;MEGA DOCE DE LEITE NESTLE;7,00
7891000240922;LA FRUTTA COCO NESTLE;5,00
7891000240977;LA FRUTTA LIMAO NESTLE;5,00
7891000240991;MOLICO ZERO LACTOSE 140ML;6,00
7891000241011;LA FRUTTA MORANGO NESTLE;5,00
42139621;CAMEL OPTION;8,00
42138136;WINSTON CLASSIC NATURAL FLAVOR;5,50
42138167;WINSTON BLUE NATURAL FLAVOR;5,50
4033100081347;WINSTON EXOTIC MINT;6,00
7891000241639;MEGA CHOC BRANCO NESTLE;7,00
7891000240885;NESTLE KIT KAT POTE;6,00
7891000241653;NESTLE ALPINO;5,50
7891991010580;ENERGETICO FUSION 250ML;5,50
7891097012952;CHOCO MILK BATAVO 1L;7,50
7891097018190;LEITE DESNATADO BATAVO 1L;4,60
-;LEITE INTEGRAL BATAVO 1L;8,00
7891000106136;NESTLE PEGAPOP;2,50
7891097018220;LEITE SEMIDESNATADO BATAVO 1L;4,60
7891097012686;MANTEIGA EXTRA C/SAL BATAVO 200G;9,30
7891000240236;NESTLE TUTTIBLUE;2,50
7896034680096;Q. MUSSARELA PRESIDENT;42,00
7896079588548;REQ. CREM ELEGE 200G;6,90
-;REQ. CREM POCOS DA CALDAS 200G;6,90
7891515479558;SALAMITOS SADIA 36G;4,40
7622300992293;CLUB SOCIAL INTEGRAL 144G;6,60
7893333289128;CLUB SOCIAL ORIGINAL 144G;6,60
7622300990701;CLUB SOCIAL ORIGINAL 144G;6,60
7891042091384;MARGARINA S/SAL BECEL 250G;6,20
7896326100219;GUARAVITON ACAI 500ML;3,60
-;NUTELLA C/AVELA 350G;14,80
7896336008925;CUIDA BEM BISC DE TAPIOCA C/BAT DOCE;11,30
7896336005825;CUIDA BEM COCADA ZERO 20G;2,50
7896336008963;CUIDA BEM PACOCA C/ SEMENTES 20G;2,50
7896336005849;CUIDA BEM PE DE MOLEQUE ZERO 20G;2,50
7896336007812;PACOCA CREMOSA POTE 180G;11,80
7896336007973;PACOCA CREMOSA ZERO POTE 180G;18,60
7896336007829;PACOQUITA AVEIA ZERO 22G;1,50
8410376036169;BISC GULLON GLUTEN FREE 200G;25,30
8410376010701;BISC GULLON MARIA SUGAR FREE 200G;26,70
3608580748250;GELEIA BONNE MAMAN APRICOT;5,40
3608580748243;GELEIA BONNE MAMAN MORANGO;5,40
11210115606;MOLHO TABASCO VERMELHO 60ML;22,70
3036810201280;MOSTARDA MAILLE 215G;21,40
7896053800574;RICE CRACKER SWEET CHILI 100G;16,00
7891000800444;RICE CRACKER ORIGINAL 100G;16,00
7896053800451;RICE CRACKER S/CREAM E ONION 100G;16,00
-;RICE CRACKER CHEESE 100G;16,00
7891097050008;LEITE ZERO LACTOSE BATAVO 1L;8,00
7891991012522;CERVEJA ORIGINAL ANTARCTICA 300ML;8,30
7891991009584;CERVEJA ORIGINAL ANTARCTICA 300ML;8,30
7891515925086;IOGURTE NATURAL BATAVO 170G;2,50
7891097015519;MANTEIGA EXTRA SEM SAL BATAVO 200G;9,30
7896079500168;LEITE SEMIDESNATADO ELEGE 1L;6,50
7896623100028;SUCO LARANJA XANDO 1L;15,00
7896623100042;SUCO LARANJA XANDO 300ML;4,90
7899767512245;BOMBOM ARTESANAL BRASIL 30G;4,40
7891000240762;GELATO VANIGLIA NESTLE 140ML;10,00
7891000113349;GELATO CIOCCOLATO NESTLE 68G;10,00
7891000240731;GELATO PANNA COTTA NESTLE 140ML;10,00
7891000240663;GELATO CARAMELLO SALATO NESTLE 68G;10,00
7891000240861;GELATO LIMONCELLO NESTLE 68G;10,00
7891000240847;GELATO PISTACCHIO NESTLE 68G;10,00
7730335000330;NORTENA 960ML;16,90
7896623100202;LEITE XANDO LIGHT A 1L;5,60
7896068409922;COBERTURA DE CHOCOLATE 300G;16,00
7896068409908;COBERTURA DE BRIGADEIRO 300G;16,00
7896068409892;COBERTURA DE CARAMELO 300G;16,00
7896068409939;COBERTURA DE MORANGO 300G;16,00
-;BALA COCO CARAMELIZADA;4,40
7896066303420;TORRADA 100% INT WICKBOLD 140G;5,70
7896066334509;TORRADA TRAD WICKBOLD 140G;5,60
7897167100222;SAL REFINADO CIMSAL 1KG;5,70
7891000061190;NESCAU 2.0 200G;7,60
7898064190217;AGUA DE COCO SABOR DA TERRA 290ML;7,80
7892840803506;MOUNTAMDEW 500ML;6,00
7892840803452;MOUNTAMDEW 500ML;6,00
7898957354238;BARRA CER NUTS COCO SEMENTES;3,90
7896336008581;BARRA CER NUTS COCO SEMENTES;3,90
7898957354221;BARRA CER NUTS BANANA E SEMENTES;3,90
7898994460817;BARRA CER NUTS ALFARROBA;3,90
7898994460824;BARRA CEREAL CEREALS BANANA;3,90
7898957354139;BARRA CER NUTS MACADAMIA COCO;3,90
7891151035163;CHICLETE ANGRY BIRDS BUZZY;3,00
7897041100485;BATATA PALHA RAFITOS 100G;9,90
7891151035293;BALA POCKET CAFE;0,20
7891151029452;BALA DE GOMA IOGURT GOMUTCHO;2,00
7891151029438;BALA DE GOMA FRUTAS SORTIDAS GOMUTCHO;2,00
7891151032780;HOT HWHEELS GO JELLY 80G;9,50
7891151035910;MORANGO GO JELLY 80G;9,50
7896843200911;AGUA S/GAS SPORT ROSA 510ML;4,70
-;AGUA BIOLEVE KIDS 250ML;2,00
7896843200461;AGUA S/GAS SPORT 510ML;4,70
7898926908868;ALFAJOR TURMA DA MONICA 40G;7,80
7891021005043;CAFE MELITTA 500G;18,00
7898556090520;AMENDOA CARAMELIZADA 130G BRASIL FRUIT;17,00
7898556090599;AMENDOIM CROCANTE 130G BRASIL FRUIT;17,00
7898556090605;AMENDOIM S/ PELE 160G BRASIL FRUIT;19,50
7898556090537;AMENDOIM C/ PELE 160G BRASIL FRUIT;17,00
7898556090995;CASTANHA DE CAJU 140G BRASIL FRUIT;21,10
7898556091015;CASTANHA DO PARA 150G BRASIL FRUIT;20,90
7898556091138;CEREJA MARRASQUINHO 190G BRASIL FRUIT;37,50
7898556091022;DAMASCO 200G BRASIL FRUIT;14,80
7898556091039;MIX FRUTAS SECAS 150G BRASIL FRUIT;16,70
7898556091046;NOZES 100G BRASIL FRUIT;16,00
7898556091053;NOZES PECAN 120G BRASIL FRUIT;33,80
7898556091060;PISTACHE 130G BRASIL FRUIT;23,20
7898556092289;CRANBERRY DES 160G BRASIL FRUIT;36,70
7898556092302;GOJI BERRY DES 100G BRASIL FRUIT;14,50
-;BATATA;11,60
-;BATATA;11,60
835281000599;BISCOITO LOOK MORANGO;3,50
835281000414;BISCOITO LOOK MORANGO;3,50
7891340303332;BISCOITO LOOK MORANGO;3,50
7891340303431;BISCOITO LOOK DOCE DE LEITE;3,50
835281000421;BISCOITO LOOK DOCE DE LEITE;3,50
835281000582;BISCOITO LOOK FLORESTA NEGRA;3,50
7891340303714;BISCOITO LOOK FLORESTA NEGRA;3,50
835281002500;BISCOITO LOOK BEIJINHO;3,50
7891340303912;BISCOITO LOOK BEIJINHO;3,50
7891340303615;BISCOITO LOOK ATREVIDOS;3,50
78912861;CERVEJA CERPA 350ML;8,40
7896437901347;GUARANA CRUZEIRO 270ML;3,60
7896336008574;CUIDA BEM BANANA E SEMENTES 20G;2,50
7896336008598;CUIDA BEM SEMENTES E COCO 20G;2,50
-;CUIDA BEM TRADICIONAL NUTS 20G;2,50
11210009530;MOLHO TABASCO VERDE 60ML;24,50
8076802085738;MACARRAO PENNE BARILLA;14,10
8076808150072;MACARRAO SPAGHETTONI BARILLA;12,50
7798040461624;PIRULITO PUSH POP PETS;3,90
7798040461617;PIRULITO PUSH POP PETS;3,90
7896624202653;PIRULITO PUSH POP PETS;3,90
7896624202615;PIRULITO PUSH POP PETS;3,90
5601252111602;PIMENTA COM AZEITE GALLO;25,00
7899930900022;DELI ZERO ACUCAR 15G;4,50
7899930900114;DELI ZERO ACUCAR 15G;4,50
7891149103102;CERVEJA SKOL LATA 269ML;4,80
7891149103119;CERVEJA SKOL LATA 269ML;4,80
7896336008567;BARRA CER NUTS BANANA E QUINOA;3,90
789336008581;BARRA CER NUTS SEMENTES E COCO;3,90
7896336008543;BARRA CEREAL NUTS;3,90
7898919870509;CAFE DA CASA DO MERCADO 250G;15,00
7891999470201;IOGURTE SUCRILHOS VIGOR MIX;6,60
7891999440204;IOGURTE SUCRILHOS VIGOR MIX;6,60
7891999471208;IOGURTE SUCRILHOS VIGOR MIX;6,60
8007990111411;CHANTILY SPRAY VIGOR 250G;33,00
7891999009739;IOGURTE GREGO 100G;4,20
7891999003072;IOGURTE GREGO 100G;4,20
7891999003683;IOGURTE GREGO 100G;4,20
7896623100318;LEITE 0% LACTOSE XANDO 1L;6,30
7896237902797;AZEITE VIRGEM 500ML;26,80
8004275008015;TOMATE PELADO ITALIANO RAIOLA;5,50
8410182033055;ALCAPARRAS RAIOLA 65G;10,70
7896237901226;TREMOCO RAIOLA 200G;10,30
8410280207037;SUCO DE TOMATE RAIOLA 1L;22,50
8010280207039;SUCO DE TOMATE RAIOLA 1L;22,50
-;Q. MINAS FRESCAL ITAMONTES;28,80
5601252231164;AZEITE VIRGEM GALLO 500ML;35,80
7896062537089;CHOCOLATE GRANULADO 150G;4,50
-;PAST CHOC PETIT PAN 50G;1,00
7896094910904;ZERO CAL 100 ML;13,80
-;SAL P CHURRASCO CIMSAL 1KG;5,70
7896623100011;LEITE XANDO TIPO A 1LT;5,60
78935778;DUNHILL LONGO;10,25
7896048284075;ACETATO BALSAMICO 500ML;18,50
7622300800406;BELVITA AVELA E CACAU 30G;5,50
7622300865672;BELVITA CACAU E CEREAIS 30G;5,50
7622300800550;BELVITA LEITE E AVEIA 30G;5,50
7622300845995;BELVITA MACA E CANELA 30G;5,50
7622300800529;BELVITA MEL E CACAU 30G;5,50
7622300988487;BIS XTRA AO LEITE 45G;5,20
7622300988470;BIS XTRA AO LEITE 45G;5,20
7893333733355;BON GOUTER PARMESAO 100G;8,70
7893333733331;BON GOUTER PROVOLONE 100G;8,70
7893333733317;BON GOUTER SUICO 100G;8,70
7893333733362;BON GOUTER TOMATE SECO 100G;8,70
7622300837389;CHOCOOKY BAUNILHA 120G;11,00
7622300837358;CHOCOOKY CHOCOLATE 120G;11,00
7622300990541;CAIXA VARIEDADES LACTA 302G;15,80
7893333229001;GELATINA ROYAL SEM SABOR 24G;7,10
7891098037015;GUARAVITON ACAI 500ML;3,60
7622200007332;CHOC MILKA STRAWBERY 100G;14,50
4025700001962;CHOC MILKA BRANCO 100G;14,50
7622210397119;CHOC MILKA DARK 100G;14,50
7622210442086;CHOC MILKA CHIPS AHOY 100G;14,50
7622300026752;CHOC MILKA CHOCOLATE DESSERT 100G;14,50
3045140105502;CHOC MILKA ALPENMILCH 100G;14,50
7891000109571;GELATO VANIGLIA NESTLE 455ML;27,90
7896023013263;CHA BRANCO C/ LICHIA E UVA MOSCATO SALTON;15,50
7896023013256;CHA BRANCO C/ LICHIA E UVA MOSCATO SALTON;15,50
7896023013287;CHA VERDE LIMAO, CIDEIRA MOSCATO SALTON;15,50
7896023013270;CHA VERDE LIMAO, CIDEIRA MOSCATO SALTON;15,50
7896023013294;CHA PRETO TANGERINA MOSCATO SALTON;15,50
7896023013317;CHA PRETO TANGERINA MOSCATO SALTON;15,50
7896023013324;CHA PRETO FRUTAS VERMELHAS SALTON;15,50
7896023013317;CHA PRETO FRUTAS VERMELHAS SALTON;15,50
7896023081477;VH TTO CAB SAUVIGNON CLASSIC SALTON;35,00
7896023081408;VH TTO MERLOT CLASSIC SALTON;35,00
7896023081415;VH TTO MERLOT CLASSIC SALTON;35,00
7896023010675;SUCO DE UVA 1L SALTON;28,00
7896023010682;SUCO DE UVA 1L SALTON;28,00
7896023085840;SUCO DE UVA 500ML SALTON;14,50
7898215151890;LEITE INTEGRAL PIRACANJUBA 1L;5,40
7891999420206;IOGURTE NATURAL VIGOR 170G;3,70
7891999430205;IOGURTE DESNATADO VIGOR 170G;3,70
7896045504541;CERVEJA AMSTEL 600ML;10,60
-;DAMA BIER IPA 600ML;31,90
78937352;MARLBORO DOUBLE MIX;9,00
7891149104468;CERVEJA SKOL ONE WAY 300ML;6,50
7891149104352;CERVEJA SKOL ONE WAY 300ML;6,50
7896062801227;AGUA S LOURENCO S/ GAS 300ML;3,50
8896009801203;AGUA S LOURENCO C/ GAS 300ML;3,50
7896062801203;AGUA S LOURENCO C/ GAS 300ML;3,50
9002490214166;ENERGETICO RED BULL 473ML;21,00
7898950338013;GUARANA WEWI GARRAFA 355ML;6,20
7898950338037;LARANJA WEWI GARRAFA 355ML;6,20
5601252105991;VINAGRE BRANCO GALLO 250ML;19,40
5601252106011;VINAGRE TINTO GALLO 250ML;19,40
7898409950131;OVOMALTINE CHOC. FLOCOS 750G;21,90
6001452303873;VH TTO PINOTAGE NEDERBURG 750ML;49,90
7897003700128;PALMITO EM CONSERVA;59,90
7891000240908;CRUNCH AMEDOIN 85 G;6,00
7891000240953;ALPINO COM GOTAS DE CHOCOLATES 85 GR;6,00
78905351;ORIGINAL 600ML;12,80
7894900020076;COCA COLA STEVIA 1,5LTS;9,90
7891203010056;PAO FORMA TRADICIONAL PANCO 500G;8,00
7891000065440;LEITE CONDENSADO MOCA CAIXINHA;10,40
-;Q. PROCESSADOS C CHEDDAR;2,90
-;Q. EMMENTAL PAYSAN BRETON;116,00
70847022015;ENERGETICO MONSTER ENERGY LATA;14,00
-;Q. GORGONZOLA NAZZA;52,00
7891151034944;CHAVES GO JELLY 80G;9,80
7891151028141;CHICLETE BUZZYBOL MORANGO;0,60
7891151036351;CHICLETE CHRISTIAN FIGUEIREDO BUZZY;3,20
7756509000391;MENTOS UP 2U TUTTI/MINT;14,80
7891151032391;FREEGELLS SUGAR FREE;14,80
7894900310047;SCHWEPPS CLUB SODA LATA 350ML;5,20
7894900310016;SCHWEPPS CLUB SODA LATA 350ML;5,20
7894900940015;GUARANA JESUS 350ML;11,80
7898915505016;PALHEIROS DE PIRACANJUBA;13,80
7898911411144;CHARUTO CORONITA TALVIS;2,50
7898911411106;CHARUTO CORONITA TALVIS;2,50
7898911411137;CHARUTO CORONITA CINZA TALVIS;2,50
7898911411120;CHARUTO CORONITA CINZA TALVIS;2,50
7622300911137;CHARUTO CORONITA CINZA TALVIS;2,50
8414775013523;SMOKING BROWN MINI;7,60
84196583;SMOKING MASTER MINI;5,60
-;PEPPERONI;84,00
78902077;REQ. CREM LIGHT CRIOULO 250G;12,20
78902091;REQ. CREM CRIOULO 250G;11,20
7891031405017;MOSTARDA HEMMER AMARELA 200G;8,00
7891031406014;MOSTARDA HEMMER HOLANDESA 200G;8,00
7896079500151;LEITE INTEGRAL ELEGE 1L;4,80
-;Q. GRUYERE PJ;64,00
-;Q. PARMESAO TANIA;68,00
5601216120152;AZEITE VIRGEM ANDORINHA 500ML;30,00
7896048284549;VINAGRE BRANCO CASTELO 500ML;15,00
7896048284556;VINAGRE TINTO CASTELO 500ML;15,00
7896229800032;SUCO LARANJA FAZENDA 1LT;9,00
7896229800735;SUCO LARANJA FAZENDA 330ML;3,80
-;Q. FRESCO FAZENDA BELA VISTA KG;48,00
7898956836018;PACOCA DI MARCOS 95G;2,80
78934535;DUNHILL DOUBLE CLICK;9,25
70235103517;CHARUTO TITAN PHILLIES;50,00
7023510395;CHARUTO TITAN PHILLIES CHOCOLATE;50,00
70235103951;CHARUTO TITAN PHILLIES CHOCOLATE;50,00
-;CHARUTO TITAN PHILLIES UNITARIO;5,00
7898580442036;CHA HORTELA ARTCHA 10G;4,70
7898580442098;CHA MATE ARTCHA 16G;4,00
7898580442029;CHA CAMOMILA ARTCHA 10G;4,70
7898580442128;CHA DE QUENTAO ARTCHA 16G;6,20
7898580442043;CHA ERVA DOCE ARTCHA 18G;4,30
7898580442050;CHA BOLDO DO CHILE ARTCHA 10G;4,00
7898580442012;CHA CAPIM CIDREIRA ARTCHA 10G;4,00
7898580442111;CHA VERDE ARTCHA 18G;6,40
7898580442074;CHA PRETO ARTCHA 18G;4,30
7891962014982;BISC CREAM CRACKER LEVISSIMO BAUDUCCO 200G;3,40
7898922793123;PRATO PLASTICO BIPACK;1,50
7891334140516;ESPETO PARA CHURRASCO THEOTO;5,00
7622300988496;AGUA COPO BIOLEVE;2,00
7896843200096;AGUA COPO BIOLEVE;2,00
-;BALA RECHEADA SORTIDA TNT;0,40
7891334150010;PALITO DE DENTE THEOTO;3,30
-;BALA SWEET KISS;0,20
7891168100014;BISC MAISENA TOSTINES 200G;4,20
7891962014999;BISC AGUA E SAL LEVISSIMO BAUDUCCO 200G;3,40
7898950172150;BISC CHAMPAGNE PORTO ALEGRE 150G;4,80
7891000110829;NESCAFE SMOOVLATTE 270ML;6,20
7891962026831;BISC INTEGRAL LEVISSIMO BAUDUCCO 200G;3,40
7891000106600;LA FRUTTA PALITO MANGA NESTLE;3,50
-;MOEDAS DE CHOCOLATE 2G;0,80
7898994389811;FUMO HI TABACO 35G;24,00
40084510;HANUTTA 44G;10,90
7896343099503;GARFO PRA FESTA 50UND;4,50
7891000116203;LA FRUTTA MANG/MARAC POTE 1,5L NESTLE;17,90
7898367980041;CERVEJA EISENBAHN LONG NECK 355ML;7,00
7896343099800;COLHER PRA FESTA 50UND;4,50
7506174500207;CHOC SNICKERS 52,7G;4,80
-;Q. FRESCO TIROLEZ ABRE FACIL 270G;40,00
7896053800444;RICE CRACKER ORIGINAL 100G;16,00
7891025101598;LEITE UHT PTA DESNATADO 1LT;6,20
7898024396994;FERRERO ROCHER T12 150G;35,90
78935464;TIC TAC MACA VERDE T33 16G;2,50
7899916904754;SUCO NAT DA FAZENDA MISTO LARAN MACA E GOIA 900 ML;14,40
7899916902613;SUCO NAT DA FAZENDA MANGA E CIA 900 ML;14,40
7899916904815;SUCO NAT DA FAZENDA MACA VERDE VERMELHA 900 ML;14,40
7899916904839;SUCO NAT DA FAZENDA MISTO UVA E MACA 900 ML;17,70
7899916904778;SUCO NAT DA FAZENDA LARANJA INTEGRAL 900 ML;10,80
7899916902620;SUCO NAT DA FAZENDA LARANJA MACA 900 ML;14,80
7896005800157;CAPPUCCINO3 CORACOES 200G;11,20
7891000049051;PAPINHA NESTLE DE PEITO FRANGO LEG. MACARAO;7,70
7891000049020;PAPINHA NESTLE BANANA COM AVEIA;7,70
7891000049273;PAPINHA NESTLE LEGUMES COM CARNE;7,70
7896237900021;AZEITONA VERDES RAIOLITA EM CONSERVA 160G;7,30
